AccessibilitySettingsLoader,Accessibility
AccessibilitySettingsLoader,Accessibility
AccessibilitySettingsLoader,Accessibility
AccessibilitySettingsLoader,BackBoardServices
AccessibilitySettingsLoader,AccessibilityUtilities
AccessibilitySettingsLoader,AppSupport
AccessibilitySettingsLoader,UIAccessibility
AccountsUI,AccessibilityUtilities
AccountsUI,UIAccessibility
AddressBookUIFramework,AXRuntime
AddressBookUIFramework,UIAccessibility
AddressBookUIFramework,AccessibilityUtilities
AddressBookUIFramework,GraphicsServices
CameraKit,Accessibility
CameraKit,FaceCore
CameraKit,AXRuntime
CameraKit,AccessibilityUtilities
CameraKit,UIAccessibility
CameraKit,GraphicsServices
CameraKit,ScreenReaderCore
HearingAidUIServer,BluetoothManager
HearingAidUIServer,UIAccessibility
HearingAidUIServer,AccessibilityUtilities
HearingAidUIServer,AXHearingAidSupport
HearingAidUIServer,Accessibility
HearingAidUIServer,Accessibility
MapKitFramework,AXRuntime
MapKitFramework,UIAccessibility
MapKitFramework,AccessibilityUtilities
MediaPlayerFramework,Celestial
MediaPlayerFramework,AXRuntime
MediaPlayerFramework,AccessibilityUtilities
MediaPlayerFramework,UIAccessibility
MediaPlayerFramework,GraphicsServices
MediaPlayerUIFramework,AXRuntime
MediaPlayerUIFramework,MediaPlayerUI
MediaPlayerUIFramework,UIAccessibility
MediaPlayerUIFramework,AccessibilityUtilities
MediaPlayerUIFramework,GraphicsServices
MessageUIFramework,ManagedConfiguration
MessageUIFramework,AXRuntime
MessageUIFramework,UIAccessibility
MessageUIFramework,AccessibilityUtilities
MessageUIFramework,GraphicsServices
PassKitFramework,AXRuntime
PassKitFramework,UIAccessibility
PassKitFramework,AccessibilityUtilities
PhotoLibraryFramework,Accessibility
PhotoLibraryFramework,FaceCore
PhotoLibraryFramework,AXRuntime
PhotoLibraryFramework,AccessibilityUtilities
PhotoLibraryFramework,UIAccessibility
PhotoLibraryFramework,GraphicsServices
PhotoLibraryServices,Accessibility
PhotoLibraryServices,FaceCore
PhotoLibraryServices,AXRuntime
PhotoLibraryServices,AccessibilityUtilities
PhotoLibraryServices,UIAccessibility
PhotoLibraryServices,GraphicsServices
PhotosFramework,Accessibility
PhotosFramework,FaceCore
PhotosFramework,AXRuntime
PhotosFramework,AccessibilityUtilities
PhotosFramework,UIAccessibility
PhotosFramework,GraphicsServices
PhotosUIFramework,AXRuntime
PhotosUIFramework,UIAccessibility
PhotosUIFramework,AccessibilityUtilities
PhotosUIFramework,GraphicsServices
PreferencesFramework,Preferences
PreferencesFramework,AXRuntime
PreferencesFramework,AccessibilityUtilities
PreferencesFramework,UIAccessibility
PreferencesFramework,GraphicsServices
QuickLook,UIAccessibility
QuickLook,AccessibilityUtilities
QuickSpeak,UIAccessibility
QuickSpeak,AccessibilityUtilities
QuickSpeak,Preferences
RemoteUIFramework,AccessibilityUtilities
RemoteUIFramework,UIAccessibility
SocialFramework,AXRuntime
SocialFramework,UIAccessibility
SocialFramework,AccessibilityUtilities
StoreKitFramework,AccessibilityUtilities
StoreKitFramework,UIAccessibility
StoreKitUI,AXRuntime
StoreKitUI,AccessibilityUtilities
StoreKitUI,UIAccessibility
UIKit,CorePDF
UIKit,Accessibility
UIKit,ScreenReaderCore
UIKit,TextInput
UIKit,AccessibilityUtilities
UIKit,GraphicsServices
UIKit,UIAccessibility
UIKit,AXRuntime
UIKit,DataDetectorsCore
VoiceMemosFramework,AXRuntime
VoiceMemosFramework,UIAccessibility
VoiceMemosFramework,AccessibilityUtilities
WebCore,WebCore
WebCore,GraphicsServices
WebCore,AccessibilityUtilities
WebCore,AXRuntime
WebCore,UIAccessibility
WebKit,UIAccessibility
WebKit,AXRuntime
WebKit,AccessibilityUtilities
WebKitLegacy,WebCore
WebKitLegacy,CorePDF
WebKitLegacy,DataDetectorsCore
WebKitLegacy,UIAccessibility
WebKitLegacy,AXRuntime
WebKitLegacy,AccessibilityUtilities
WebProcess,UIAccessibility
WebProcess,AccessibilityUtilities
WebProcess,AXRuntime
WebProcessLoader,GraphicsServices
iTunesStoreFramework,AccessibilityUtilities
iTunesStoreFramework,UIAccessibility
CMASBBPlugin,BulletinBoard
CMASBBPlugin,ToneLibrary
CMASBBPlugin,TelephonyUtilities
CalendarProvider,MobileKeyBag
CalendarProvider,AppSupport
CalendarProvider,BulletinBoard
CalendarProvider,GraphicsServices
CalendarProvider,PersistentConnection
CalendarProvider,TelephonyUtilities
MPDataProvider,BulletinBoard
MPDataProvider,CallHistory
MPDataProvider,VisualVoicemail
MPDataProvider,IMFoundation
MPDataProvider,TelephonyUtilities
MPDataProvider,AppSupport
MPDataProvider,FTServices
MPDataProvider,FTClientServices
MPDataProvider,SpringBoardServices
PhotoLibraryDataProvider,AssetsLibraryServices
PhotoLibraryDataProvider,BulletinBoard
SMSBBPlugin,BulletinBoard
SMSBBPlugin,NotificationsUI
SMSBBPlugin,SpringBoardUI
SMSBBPlugin,ChatKit
SMSBBPlugin,Marco
SMSBBPlugin,AppSupport
SMSBBPlugin,FTClientServices
SMSBBPlugin,TelephonyUtilities
SMSBBPlugin,SAObjects
SMSBBPlugin,IMCore
SMSBBPlugin,IMDPersistence
SocialBulletinBoardProvider,AppSupport
SocialBulletinBoardProvider,BulletinBoard
WeatherNotifications,BulletinBoard
WeatherNotifications,SpringBoardUIServices
WeatherNotifications,AppSupport
WeatherNotifications,GraphicsServices
WeatherNotifications,WebCore
WeatherNotifications,Weather
WeatherNotifications,AggregateDictionary
xpcd_cache,ManagedConfiguration
xpcd_cache,IAP
xpcd_cache,MusicLibrary
xpcd_cache,StoreBookkeeperClient
xpcd_cache,AssistantServices
xpcd_cache,Search
xpcd_cache,AggregateDictionary
xpcd_cache,Search
xpcd_cache,CameraKit
xpcd_cache,MobileActivation
xpcd_cache,MobileSoftwareUpdate
xpcd_cache,CallHistory
xpcd_cache,MediaRemote
xpcd_cache,CoreSuggestions
xpcd_cache,WirelessDiagnostics
xpcd_cache,IAP
xpcd_cache,TelephonyUtilities
xpcd_cache,FamilyCircle
xpcd_cache,AppSupport
xpcd_cache,CertUI
xpcd_cache,IMFoundation
xpcd_cache,SyncedDefaults
xpcd_cache,HomeSharing
xpcd_cache,CloudDocsDaemon
xpcd_cache,CommunicationsFilter
xpcd_cache,CoreSymbolication
xpcd_cache,IMAVCore
xpcd_cache,IDSFoundation
xpcd_cache,DataAccess
xpcd_cache,IAP
xpcd_cache,SoftwareUpdateServices
xpcd_cache,IDS
xpcd_cache,Ubiquity
xpcd_cache,CacheDelete
xpcd_cache,GeoServices
xpcd_cache,PrintKit
xpcd_cache,MediaServices
xpcd_cache,CoreRecents
xpcd_cache,IMDPersistence
xpcd_cache,iCloudNotification
xpcd_cache,VoiceMemos
xpcd_cache,CloudServices
xpcd_cache,MapsSupport
xpcd_cache,MobileAccessoryUpdater
xpcd_cache,TCC
xpcd_cache,IAPAuthentication
xpcd_cache,ApplePushService
xpcd_cache,MobileBackup
xpcd_cache,HomeKitDaemon
xpcd_cache,ManagedConfiguration
xpcd_cache,AssistantServices
xpcd_cache,VoiceServices
xpcd_cache,GenerationalStorage
xpcd_cache,CloudKitDaemon
xpcd_cache,FileProvider
xpcd_cache,SoftwareBehaviorServices
xpcd_cache,MediaStream
xpcd_cache,CloudServices
xpcd_cache,MapsSupport
xpcd_cache,AggregateDictionary
xpcd_cache,IMCore
xpcd_cache,iTunesStore
xpcd_cache,CoreSuggestions
xpcd_cache,FamilyNotification
xpcd_cache,AskPermission
xpcd_cache,CloudPhotoLibrary
xpcd_cache,TouchRemote
xpcd_cache,VoiceServices
xpcd_cache,ManagedConfiguration
xpcd_cache,IDSFoundation
xpcd_cache,MobileContainerManager
xpcd_cache,VoiceTrigger
xpcd_cache,IMDPersistence
xpcd_cache,DataMigration
xpcd_cache,Preferences
xpcd_cache,AssistantServices
xpcd_cache,CloudDocsDaemon
xpcd_cache,StreamingZip
xpcd_cache,CloudServices
xpcd_cache,UIFoundation
xpcd_cache,Accessibility
xpcd_cache,IMTransferServices
xpcd_cache,ToneLibrary
xpcd_cache,IMFoundation
xpcd_cache,DataDetectorsUI
xpcd_cache,AXHearingAidSupport
xpcd_cache,iOSDiagnostics
xpcd_cache,IMTranscoding
xpcd_cache,MobileSoftwareUpdate
xpcd_cache,WebUI
xpcd_cache,AccountsDaemon
xpcd_cache,AOSNotification
xpcd_cache,IMDMessageServices
xpcd_cache,Quagga
xpcd_cache,VoiceTrigger
xpcd_cache,IMDPersistence
xpcd_cache,DataMigration
xpcd_cache,Preferences
xpcd_cache,AssistantServices
xpcd_cache,AssistantServices
xpcd_cache,CloudDocsDaemon
xpcd_cache,StreamingZip
xpcd_cache,CloudServices
xpcd_cache,UIFoundation
xpcd_cache,Accessibility
xpcd_cache,IMTransferServices
xpcd_cache,ToneLibrary
xpcd_cache,IMFoundation
xpcd_cache,DataDetectorsUI
xpcd_cache,AXHearingAidSupport
xpcd_cache,iOSDiagnostics
xpcd_cache,IMTranscoding
xpcd_cache,MobileSoftwareUpdate
xpcd_cache,WebUI
xpcd_cache,WebUI
xpcd_cache,AccountsDaemon
xpcd_cache,AOSNotification
xpcd_cache,IMDMessageServices
xpcd_cache,Quagga
DAAccount,DataAccessExpress
DAAccount,DataMigration
DAAccount,DataAccess
DAAccountLegacy,DataAccess
DAAccountLegacy,PersistentConnection
DAAccountLegacy,AppSupport
DAAccountLegacy,DataMigration
DAAccountLegacy,DataAccess
DAAccountLegacy,DataAccess
DAAccountLegacy,DataAccess
DAAccountLegacy,DataAccess
DAAccountLegacy,CalDAV
DAAccountLegacy,DataAccessExpress
DAAccountLegacy,ManagedConfiguration
FaceTimeMigrator,IMFoundation
FaceTimeMigrator,IDSFoundation
FaceTimeMigrator,IDS
FaceTimeMigrator,Marco
FaceTimeMigrator,DataMigration
MessagesDataMigrator,IMFoundation
MessagesDataMigrator,IMDPersistence
MessagesDataMigrator,DataMigration
IMGSGX543GLDriver,IOAccelerator
IMGSGX543GLDriver,IOSurface
IMGSGX543GLDriver,GPUSupport
AVFoundation,GraphicsServices
AVFoundation,Celestial
AVFoundation,IOSurface
AVFoundation,AssetsLibraryServices
AVFoundation,ManagedConfiguration
AVFoundation,Quagga
AVFoundation,TCC
libAVFAudio,BTLEAudioController
AVKit,Celestial
AVKit,MediaRemote
libCGInterfaces,ColorSync
Accounts,AppSupport
Accounts,SpringBoardServices
Accounts,OAuth
AdSupport,ManagedConfiguration
AdSupport,AppSupport
AddressBook,TCC
AddressBook,AppSupport
AddressBook,SpringBoardServices
AddressBook,AggregateDictionary
AddressBook,DataAccessExpress
AddressBook,DataDetectorsCore
AddressBook,MobileKeyBag
AddressBook,CrashReporterSupport
AddressBookUI,IntlPreferences
AddressBookUI,Message
AddressBookUI,PlugInKit
AddressBookUI,AggregateDictionary
AddressBookUI,AppSupport
AddressBookUI,CommunicationsFilter
AddressBookUI,DataAccessExpress
AddressBookUI,GeoServices
AddressBookUI,GraphicsServices
AddressBookUI,ManagedConfiguration
AddressBookUI,SpringBoardServices
AddressBookUI,AccountsUI
AddressBookUI,IDS
AddressBookUI,HealthKitUI
AddressBookUI,MobileCoreServices
AddressBookUI,ToneLibrary
AddressBookUI,ToneKit
AssetsLibrary,DCIMServices
AssetsLibrary,PhotoLibraryServices
AssetsLibrary,AssetsLibraryServices
AudioToolbox,CrashReporterSupport
AudioToolbox,SpringBoardServices
AudioToolbox,TCC
AudioToolbox,BackBoardServices
AudioToolbox,VoiceTrigger
libAudioDSP,AggregateDictionary
CFNetwork,MobileKeyBag
CFNetwork,SpringBoardServices
CFNetwork,JavaScriptCore
CFNetwork,Heimdal
CFNetwork,AOSKit
CFNetwork,Symptoms
CloudKit,TCC
CloudKit,ApplePushService
CoreBluetooth,AppSupport
CoreBluetooth,BluetoothManager
CoreBluetooth,TCC
CoreData,Librarian
CoreData,CloudDocs
CoreFoundation,StoreServices
CoreFoundation,StoreServices
CoreFoundation,StoreServices
CoreFoundation,StoreServices
CoreFoundation,StoreServices
CoreFoundation,WebKit
CoreFoundation,iTunesStore
CoreFoundation,WebKit
CoreFoundation,StoreServices
CoreFoundation,WebKit
CoreFoundation,WebKit
CoreFoundation,StoreServices
CoreFoundation,iTunesStore
CoreFoundation,StoreServices
CoreFoundation,WebKit
CoreFoundation,WebKit
CoreFoundation,iTunesStore
CoreFoundation,iTunesStore
CoreFoundation,StoreServices
CoreFoundation,iTunesStore
CoreFoundation,WebKit
CoreFoundation,WebKit
CoreFoundation,StoreServices
CoreFoundation,WebKit
CoreFoundation,WebKit
CoreFoundation,iTunesStore
CoreFoundation,WebKit
CoreFoundation,WebKit
CoreFoundation,WebKit
CoreFoundation,CoreServicesInternal
libCGVolute.A,CorePDF
libCGXType.A,FontServices
libCGXType.A,FontServices
CoreImage,OpenCL
CoreImage,IOSurface
CoreImage,Quagga
CoreImage,FaceCore
CoreImage,AppleJPEG
CoreImage,BackBoardServices
CoreLocation,SpringBoardServices
CoreLocation,GeoServices
CoreLocation,AppSupport
CoreLocation,GraphicsServices
CoreLocation,CompassUI
CoreLocation,CrashReporterSupport
CoreMIDI,SpringBoardServices
CoreMedia,UserFS
CoreMedia,IDS
CoreMedia,CrashReporterSupport
CoreMedia,AppSupport
CoreMedia,IOSurface
CoreMedia,SpringBoardServices
CoreMedia,PowerLog
CoreMedia,CoreDuet
CoreMedia,AssetsLibraryServices
CoreMotion,AggregateDictionary
CoreMotion,TCC
CoreMotion,GraphicsServices
CoreMotion,SpringBoardServices
CoreMotion,CrashReporterSupport
CoreMotion,CompassUI
CoreTelephony,CommonUtilities
CoreTelephony,AppSupport
CoreTelephony,MIME
CoreText,FontServices
CoreText,GraphicsServices
CoreText,FontServices
CoreText,MobileAsset
CoreVideo,IOSurface
EventKit,CrashReporterSupport
EventKit,MobileKeyBag
EventKit,AggregateDictionary
EventKit,AppSupport
EventKit,BackBoardServices
EventKit,CalendarFoundation
EventKit,DataAccessExpress
EventKit,iCalendar
EventKit,PersistentConnection
EventKit,TCC
EventKit,GeoServices
EventKit,AccountsUI
EventKit,AggregateDictionary
EventKit,AppleAccount
EventKit,AssistantServices
EventKit,CoreRoutine
EventKit,GraphicsServices
EventKit,WebKit
EventKit,WebUI
EventKit,CoreRecents
EventKit,GeoServices
EventKitUI,AppSupport
EventKitUI,CalendarFoundation
EventKitUI,CalendarUIKit
EventKitUI,DataAccessExpress
EventKitUI,IntlPreferences
EventKitUI,iCalendar
ExternalAccessory,BluetoothManager
ExternalAccessory,AppSupport
ExternalAccessory,IAP
Foundation,CloudDocs
Foundation,Librarian
Foundation,DataDetectorsCore
Foundation,SyncedDefaults
GLKit,IOSurface
GSS,Heimdal
GSS,CommonAuth
GameController,GraphicsServices
GameController,MobileBluetooth
GameKit,GameCenterFoundation
GameKit,GameCenterUI
GameKit,LegacyGameKit
GameKit,DiagnosticLogCollection
HealthKit,AppSupport
HealthKit,ManagedConfiguration
HealthKit,HealthKitUI
HealthKit,HealthKitUI
HealthKit,CrashReporterSupport
HealthKit,CrashReporterSupport
HomeKit,TCC
ImageIO,IOSurface
ImageIO,AppleJPEG
ImageIO,AppleJPEG
ImageIO,Celestial
ImageIO,ColorSync
SharedUtils,ManagedConfiguration
SharedUtils,BiometricKit
MapKit,MobileWiFi
MapKit,BackBoardServices
MapKit,AggregateDictionary
MapKit,VectorKit
MapKit,AppSupport
MapKit,GeoServices
MapKit,GraphicsServices
MapKit,ProtocolBuffer
MapKit,StoreServices
MapKit,SpringBoardServices
MapKit,SpringBoardServices
MapKit,StoreKitUI
MapKit,StoreKitUI
MapKit,OAuth
MapKit,OAuth
MapKit,MobileIcons
MapKit,MobileIcons
MapKit,StoreServices
MediaPlayer,IOSurface
MediaPlayer,ProtocolBuffer
MediaPlayer,MediaServices
MediaPlayer,ManagedConfiguration
MediaPlayer,iTunesStore
MediaPlayer,Celestial
MediaPlayer,GraphicsServices
MediaPlayer,SpringBoardServices
MediaPlayer,AppSupport
MediaPlayer,MusicLibrary
MediaPlayer,StoreServices
MediaPlayer,MediaRemote
MediaPlayer,HomeSharing
MediaPlayer,AirPlayDiagnostics
MediaPlayer,StoreBookkeeperClient
MediaPlayer,Radio
MediaPlayer,RadioUI
MediaToolbox,AggregateDictionary
MediaToolbox,SpringBoardServices
MediaToolbox,IOSurface
MediaToolbox,IOSurfaceAccelerator
MediaToolbox,NetworkStatistics
MediaToolbox,CrashReporterSupport
MediaToolbox,GraphicsServices
MediaToolbox,IOMobileFramebuffer
MediaToolbox,MediaControlSender
MediaToolbox,StoreServices
MediaToolbox,CoreAUC
MediaToolbox,Celestial
MediaToolbox,RTCReporting
MediaToolbox,RTCReporting
MediaToolbox,GameKitServices
MessageUI,IOSurface
MessageUI,ManagedConfiguration
MessageUI,IMFoundation
MessageUI,CoreRecents
MessageUI,SpringBoardServices
MessageUI,FTClientServices
MessageUI,GraphicsServices
MessageUI,Message
MessageUI,WebCore
MessageUI,AppSupport
MessageUI,DataAccess
MessageUI,MailServices
MessageUI,MIME
MessageUI,Celestial
MessageUI,DataAccessExpress
MessageUI,MessageSupport
MessageUI,ContentIndex
MessageUI,ContentIndex
MessageUI,CoreSuggestions
MessageUI,CoreSuggestions
MessageUI,ChatKit
MessageUI,DataDetectorsUI
MessageUI,DataDetectorsCore
MessageUI,FindMyDevice
MessageUI,FindMyDevice
MessageUI,BulletinBoard
MessageUI,BulletinBoard
MessageUI,ToneLibrary
MessageUI,ToneLibrary
Metal,IOSurface
Metal,IOAccelerator
Metal,AppSupport
Metal,GPUCompiler
MobileCoreServices,MobileInstallation
MobileCoreServices,ManagedConfiguration
MobileCoreServices,DiagnosticLogCollection
MobileCoreServices,SharedWebCredentials
MobileCoreServices,BackBoardServices
MobileCoreServices,SpringBoardServices
MobileCoreServices,FileProvider
MobileCoreServices,Sharing
MobileCoreServices,Sharing
MobileCoreServices,CloudDocs
MobileCoreServices,MobileIcons
MobileCoreServices,StoreServices
MultipeerConnectivity,GameKitServices
MultipeerConnectivity,GameKitServices
MultipeerConnectivity,GameKitServices
NetworkExtension,Symptoms
NetworkExtension,EAP8021X
NewsstandKit,MobileDelete
NotificationCenter,SpringBoardUIServices
GLEngine,IOSurface
OpenGLES,IOMobileFramebuffer
OpenGLES,IOSurface
libGLProgrammability,IOSurface
PassKit,PassKitCore
PassKit,CoreRecognition
PassKit,FindMyDevice
PassKit,GraphicsServices
PassKit,CoreRecents
PassKit,SpringBoardUIServices
PassKit,RemoteUI
PassKit,AppleAccount
PassKit,BluetoothManager
PassKit,StoreKitUI
PassKit,AggregateDictionary
PassKit,SpringBoardServices
PassKit,MobileInstallation
PassKit,StoreServices
PassKit,MobileIcons
PassKit,AppSupport
Photos,AppSupport
Photos,PhotosFormats
Photos,SpringBoardServices
Photos,CloudPhotoLibrary
Photos,DCIMServices
Photos,CoreMediaStream
Photos,PhotoLibraryServices
Photos,AssetsLibraryServices
PhotosUI,AppleAccount
PhotosUI,PhotosFormats
PhotosUI,GeoServices
PhotosUI,ContentIndex
PhotosUI,CameraKit
PhotosUI,DCIMServices
PhotosUI,PhotoEditSupport
PhotosUI,PrototypeTools
PhotosUI,iPhotoMigrationSupport
PhotosUI,AppSupport
PhotosUI,AssetsLibraryServices
PhotosUI,SpringBoardServices
PhotosUI,PhotoLibraryServices
PhotosUI,PhotoLibrary
PhotosUI,Celestial
PhotosUI,Preferences
PhotosUI,SpringBoardServices
PhotosUI,MediaControlSender
PhotosUI,CoreRecents
PhotosUI,CoreRecents
PhotosUI,IDS
QuartzCore,IOSurface
QuartzCore,IOMobileFramebuffer
QuartzCore,IOSurfaceAccelerator
QuartzCore,Celestial
QuickLook,GenerationalStorage
QuickLook,WebCore
QuickLook,XPCObjects
QuickLook,iWorkImport
QuickLook,OfficeImport
QuickLook,CloudDocs
SafariServices,WebBookmarks
Social,PlugInKit
Social,GraphicsServices
Social,WebCore
Social,AggregateDictionary
Social,SpringBoardServices
Social,AppSupport
Social,OAuth
Social,XPCObjects
SpriteKit,PhysicsKit
SpriteKit,IOSurface
StoreKit,ManagedConfiguration
StoreKit,StoreServices
SystemConfiguration,CrashReporterSupport
SystemConfiguration,CaptiveNetwork
UIKit,UIFoundation
UIKit,IOSurface
UIKit,PowerLog
UIKit,MobileKeyBag
UIKit,FrontBoardServices
UIKit,BaseBoard
UIKit,PlugInKit
UIKit,CoreUI
UIKit,MobileAsset
UIKit,TelephonyUtilities
UIKit,BackBoardServices
UIKit,DictionaryServices
UIKit,GraphicsServices
UIKit,SpringBoardServices
UIKit,AppSupport
UIKit,TextInput
UIKit,WebKitLegacy
UIKit,WebCore
UIKit,ProofReader
UIKit,PrintKit
UIKit,PhysicsKit
UIKit,PrototypeTools
UIKit,ApplicationScripting
UIKit,ApplicationScripting
UIKit,MediaRemote
UIKit,ManagedConfiguration
UIKit,WebKitLegacy
UIKit,MobileIcons
UIKit,Celestial
UIKit,CloudDocs
UIKit,TCC
UIKit,PhotoLibrary
UIKit,PhotosUI
UIKit,DataDetectorsUI
UIKit,Bom
UIKit,FileProvider
UIKit,AssistantServices
UIKit,IMAVCore
UIKit,CorePDF
UIKit,WebUI
UIKit,Sharing
UIKit,AggregateDictionary
UIKit,Message
VideoToolbox,IOSurface
VideoToolbox,IOSurfaceAccelerator
WebKit,AssertionServices
WebKit,CorePDF
WebKit,GraphicsServices
WebKit,MobileAsset
WebKit,IOSurface
WebKit,WebKitLegacy
WebKit,WebCore
WebKit,WebInspectorUI
WebKit,DataDetectorsUI
WebKit,TCC
WebKit,VideoToolbox
WebKit,Celestial
WebKit,MediaRemote
iAd,IOSurface
iAd,iAdServices
iAd,AppSupport
iAd,GraphicsServices
iAd,AITTarget
iAd,BackBoardServices
QuickTime Plugin,WebCore
H4ISP,Celestial
H4ISP,IOSurface
FaceTime,FTAWD
FaceTime,ApplePushService
FaceTime,PowerLog
FaceTime,IDS
FaceTime,IMDaemonCore
FaceTime,IMFoundation
FaceTime,Marco
FaceTime,FTServices
SMS,FTAWD
SMS,IMTranscoding
SMS,IMTransferServices
SMS,CommunicationsFilter
SMS,IDS
SMS,FTServices
SMS,IMDPersistence
SMS,HSAAuthentication
SMS,IMDaemonCore
SMS,IMFoundation
SMS,Marco
iMessage,FTAWD
iMessage,IMTranscoding
iMessage,IMTransferServices
iMessage,ApplePushService
iMessage,IDS
iMessage,CommunicationsFilter
iMessage,CrashReporterSupport
iMessage,PowerLog
iMessage,IMDaemonCore
iMessage,IMFoundation
iMessage,Marco
iMessage,FTServices
ActiveSyncSettings,CertUI
ActiveSyncSettings,MailServices
ActiveSyncSettings,Message
ActiveSyncSettings,DataAccessExpress
ActiveSyncSettings,DataAccessUI
ActiveSyncSettings,Preferences
ActiveSyncSettings,DataAccess
ActiveSyncSettings,DataAccess
ActiveSyncSettings,AccountsUI
ContactsSettings,AppSupport
ContactsSettings,GraphicsServices
ContactsSettings,Preferences
ContactsSettings,SpringBoardServices
ContactsSettings,AccountsUI
DAVSettings,DataAccess
DAVSettings,DataAccess
DAVSettings,DataAccess
DAVSettings,Message
DAVSettings,DataAccessUI
DAVSettings,DataAccessExpress
DAVSettings,Preferences
DAVSettings,DataAccess
DAVSettings,ManagedConfiguration
DAVSettings,AccountsUI
LDAPSettings,Message
LDAPSettings,DataAccessUI
LDAPSettings,DataAccessExpress
LDAPSettings,Preferences
LDAPSettings,DataAccess
LDAPSettings,DataAccess
LDAPSettings,AppSupport
LDAPSettings,ManagedConfiguration
LDAPSettings,AccountsUI
MobileCalSettings,AppSupport
MobileCalSettings,CalendarUIKit
MobileCalSettings,IntlPreferences
MobileCalSettings,Preferences
MobileMailSettings,ManagedConfiguration
MobileMailSettings,AccountsUI
MobileMailSettings,GraphicsServices
MobileMailSettings,Message
MobileMailSettings,Preferences
MobileMailSettings,MIME
MobileMailSettings,Message
MobileMailSettings,Message
MobileMailSettings,AppSupport
MobileMailSettings,DataAccessUI
MobileMailSettings,CertUI
MobileMailSettings,CertInfo
MobileMailSettings,MailServices
MobileMailSettings,MessageSupport
SubscribedCalendarSettings,DataAccessExpress
SubscribedCalendarSettings,DataAccessUI
SubscribedCalendarSettings,DataAccess
SubscribedCalendarSettings,DataAccess
SubscribedCalendarSettings,Preferences
SubscribedCalendarSettings,ManagedConfiguration
SubscribedCalendarSettings,AccountsUI
AirPortSettings,MobileWiFi
AirPortSettings,EAP8021X
AirPortSettings,CoreCaptureClient
AirPortSettings,WiFiCloudSyncEngine
AirPortSettings,CaptiveNetwork
AirPortSettings,GraphicsServices
AirPortSettings,Preferences
AirPortSettings,SpringBoardServices
AirPortSettings,ManagedConfiguration
AirPortSettings,AppSupport
AirPortSettings,AirPortAssistant
AirPortSettings,Sharing
AirPortSettings,Sharing
AirPortSettings,CoreCaptureClient
BluetoothSettings,Netrb
BluetoothSettings,BluetoothManager
BluetoothSettings,Preferences
EDGESettings,GraphicsServices
EDGESettings,SpringBoardServices
EDGESettings,Preferences
KeyboardSettings,TCC
KeyboardSettings,IntlPreferences
KeyboardSettings,TextInput
KeyboardSettings,AppSupport
KeyboardSettings,GraphicsServices
KeyboardSettings,ManagedConfiguration
KeyboardSettings,Preferences
KeyboardSettings,AssistantServices
ManagedConfigurationUI,MobileIcons
ManagedConfigurationUI,ManagedConfiguration
ManagedConfigurationUI,Preferences
ManagedConfigurationUI,GraphicsServices
ManagedConfigurationUI,SpringBoardServices
ManagedConfigurationUI,AppSupport
MobileSafariSettings,AppleAccount
MobileSafariSettings,AppSupport
MobileSafariSettings,ManagedConfiguration
MobileSafariSettings,Preferences
MobileSafariSettings,WebBookmarks
MobileSafariSettings,WebContentAnalysis
MobileSafariSettings,WebKitLegacy
MobileSafariSettings,WebUI
MobileSafariSettings,WebBookmarks
MobileSafariSettings,StoreServices
MobileSlideShowSettings,IOSurface
MobileSlideShowSettings,CloudPhotoLibrary
MobileSlideShowSettings,AssetsLibraryServices
MobileSlideShowSettings,PhotoLibrary
MobileSlideShowSettings,AppleAccountUI
MobileSlideShowSettings,AppleAccount
MobileSlideShowSettings,AccountsUI
MobileSlideShowSettings,ManagedConfiguration
MobileSlideShowSettings,MediaStream
MobileSlideShowSettings,CoreMediaStream
MobileSlideShowSettings,Preferences
MobileSlideShowSettings,GraphicsServices
MobileSlideShowSettings,AppSupport
MobileSlideShowSettings,PhotoLibraryServices
MobileSlideShowSettings,SpringBoardServices
MobileStoreSettings,StoreServices
MobileStoreSettings,AppleAccount
MobileStoreSettings,AppSupport
MobileStoreSettings,HomeSharing
MobileStoreSettings,iTunesStore
MobileStoreSettings,iTunesStoreUI
MobileStoreSettings,ManagedConfiguration
MobileStoreSettings,MobileIcons
MobileStoreSettings,Preferences
MusicSettings,Radio
MusicSettings,iTunesStoreUI
MusicSettings,AppSupport
MusicSettings,Preferences
MusicSettings,MusicLibrary
MusicSettings,GraphicsServices
MusicSettings,SpringBoardServices
MusicSettings,ManagedConfiguration
MusicSettings,StoreServices
MusicSettings,HomeSharing
MusicSettings,Celestial
ScheduleSettings,MailServices
ScheduleSettings,AccountsUI
ScheduleSettings,Message
ScheduleSettings,PersistentConnection
ScheduleSettings,Preferences
ScheduleSettings,MobileInstallation
ScheduleSettings,GraphicsServices
VPNPreferences,VPNUtilities
VPNPreferences,Preferences
VPNPreferences,GraphicsServices
VPNPreferences,ManagedConfiguration
VPNPreferences,SpringBoardServices
VPNPreferences,AppSupport
VictoriaSettings,GraphicsServices
VictoriaSettings,Preferences
VictoriaSettings,SportsTrainer
VictoriaSettings,AppSupport
VictoriaSettings,IAP
VictoriaSettings,SportsWorkout
Wallpaper,SpringBoardUIServices
Wallpaper,SpringBoardFoundation
Wallpaper,BackBoardServices
Wallpaper,GraphicsServices
Wallpaper,AppSupport
Wallpaper,Preferences
Wallpaper,PhotoLibrary
WirelessModemSettings,Netrb
WirelessModemSettings,AppSupport
WirelessModemSettings,MobileWiFi
WirelessModemSettings,BluetoothManager
WirelessModemSettings,Preferences
ACTFramework,ACTFramework
ACTFramework,IOSurface
ACTFramework,Celestial
AITTarget,AITTarget
AITTarget,SpringBoardServices
AITTarget,AppSupport
AOSKit,AOSKit
AOSKit,AppleAccount
AOSNotification,AOSNotification
AOSNotification,FMF
ATFoundation,ATFoundation
ATFoundation,MediaServices
ATFoundation,IDS
ATFoundation,ProtocolBuffer
ATFoundation,AirTraffic
AXHearingAidSupport,AXHearingAidSupport
AXHearingAidSupport,AXRuntime
AXHearingAidSupport,AccessibilityUtilities
AXHearingAidSupport,BluetoothManager
AXHearingAidSupport,Preferences
AXHearingAidSupport,GraphicsServices
AXRuntime,AXRuntime
AXRuntime,ScreenReaderCore
AXRuntime,GraphicsServices
AXElementInteraction,Accessibility
AXElementInteraction,Accessibility
AXElementInteraction,Accessibility
AXElementInteraction,GraphicsServices
AXElementInteraction,AXRuntime
AXElementInteraction,AccessibilityUtilities
AXFrontBoardUtils,Accessibility
AXFrontBoardUtils,AccessibilityUtilities
AXFrontBoardUtils,FrontBoard
AXPhotoFaceDetection,Accessibility
AXPhotoFaceDetection,GraphicsServices
AXPhotoFaceDetection,AXRuntime
AXPhotoFaceDetection,AccessibilityUtilities
AXPhotoFaceDetection,UIAccessibility
AXPhotoFaceDetection,FaceCore
AXSpringBoardServerInstance,Accessibility
AXSpringBoardServerInstance,AXRuntime
AXSpringBoardServerInstance,TelephonyUtilities
AXSpringBoardServerInstance,Accessibility
AXSpringBoardServerInstance,AggregateDictionary
AXSpringBoardServerInstance,AccessibilityUtilities
AXSpringBoardServerInstance,SpringBoardUI
AXSpringBoardServerInstance,GraphicsServices
AXSpringBoardServerInstance,IAP
AXSpringBoardServerInstance,Celestial
AXSpringBoardServerInstance,Preferences
AXSpringBoardServerInstance,AXHearingAidSupport
AXSpringBoardServerInstance,ManagedConfiguration
AXSpringBoardServerInstance,AppSupport
AXSpringBoardServerInstance,Accessibility
AXSpringBoardServerInstance,FrontBoard
AXSpringBoardServerInstance,Accessibility
AccessibilityUI,Accessibility
AccessibilityUI,AccessibilityUtilities
AccessibilityUIService,Accessibility
AccessibilityUIService,AXRuntime
AccessibilityUIService,BaseBoard
AccessibilityUIService,AccessibilityUtilities
AccessibilityUIService,Accessibility
AccessibilityUIUtilities,Accessibility
AccessibilityUIUtilities,AccessibilityUtilities
AccessibilityUIUtilities,SpringBoardFoundation
SpeakThisServices,Accessibility
SpeakThisServices,Accessibility
SpeakThisServices,AccessibilityUtilities
ZoomServices,Accessibility
ZoomServices,GraphicsServices
ZoomServices,Accessibility
ZoomServices,AccessibilityUtilities
AccessibilityUtilities,AccessibilityUtilities
AccessibilityUtilities,IntlPreferences
AccessibilityUtilities,DataMigration
AccessibilityUtilities,GraphicsServices
AccessibilityUtilities,ScreenReaderCore
AccessibilityUtilities,Accessibility
AccessibilityUtilities,ToneLibrary
AccountSettings,AccountSettings
AccountSettings,ManagedConfiguration
AccountSettings,AppSupport
AccountSettings,GraphicsServices
AccountSettings,WebCore
AccountsDaemon,AccountsDaemon
AccountsDaemon,MobileKeyBag
AccountsDaemon,AppSupport
AccountsDaemon,DataMigration
AccountsDaemon,SpringBoardServices
AccountsDaemon,PlugInKit
AccountsDaemon,TCC
AccountsDaemon,OAuth
AccountsDaemon,CrashReporterSupport
AccountsDaemon,IDS
AccountsUI,AccountsUI
AccountsUI,CertUI
AccountsUI,CertInfo
AccountsUI,AppSupport
AccountsUI,GraphicsServices
AccountsUI,Preferences
AccountsUI,StoreServices
AccountsUI,SpringBoardServices
AccountsUI,StoreKitUI
AggregateDictionary,AggregateDictionary
AggregateDictionaryHistory,AggregateDictionaryHistory
AirPlayForCarDisplaySim,AirPlayForCarDisplaySim
AirPlayForCarDisplaySim,MobileActivation
AirPlayForCarDisplaySim,AirPlaySupport
AirPlayForCarDisplaySim,CoreUtils
AirPlayForCarDisplaySim,AirPlayDiagnostics
AirPlayReceiver,AirPlayReceiver
AirPlayReceiver,Celestial
AirPlayReceiver,ManagedConfiguration
AirPlayReceiver,WirelessProximity
AirPlayReceiver,MobileActivation
AirPlayReceiver,AirPlaySupport
AirPlayReceiver,CoreUtils
AirPlayReceiver,IOSurface
AirPlayReceiver,MediaControlSender
AirPlayReceiver,ATVSlideshow
AirPlayReceiver,AirPlayDiagnostics
AirPlaySupport,AirPlaySupport
AirPlaySupport,CoreUtils
AirPortAssistant,AirPortAssistant
AirPortAssistant,EasyConfig
AirPortAssistant,AppleSRP
AirPortAssistant,MobileInstallation
AirPortAssistant,MobileWiFi
AirPortAssistant,StoreServices
AirPortAssistant,SpringBoardServices
AirPortAssistant,MobileAsset
AirTraffic,AirTraffic
AirTraffic,StoreServices
AirTraffic,MobileInstallation
AirTraffic,ProtocolBuffer
AirTraffic,CloudDocs
AirTrafficDevice,AirTrafficDevice
AirTrafficDevice,MobileKeyBag
AirTrafficDevice,MediaServices
AirTrafficDevice,CacheDelete
AirTrafficDevice,MobileDelete
AirTrafficDevice,AggregateDictionary
AirTrafficDevice,ATFoundation
AirTrafficDevice,SpringBoardServices
AirTrafficDevice,StoreServices
AirTrafficDevice,MobileInstallation
AirTrafficDevice,IDS
AirTrafficDevice,AirTraffic
AirTrafficDevice,MusicLibrary
AirTrafficDevice,MobileBackup
AppLaunchStats,AppLaunchStats
AppLaunchStats,Duet
AppLaunchStats,CoreDuetDaemonProtocol
AppLaunchStats,CoreDuet
AppLaunchStats,Symptoms
AppLaunchStats,Symptoms
AppLaunchStats,CrashReporterSupport
AppLaunchStats,DuetPLLConfigLogger
AppLaunchStats,MobileKeyBag
AppLaunchStats,AggregateDictionary
AppLaunchStats,BackBoardServices
AppLaunchStats,SpringBoardServices
AppLaunchStats,PersistentConnection
AppLaunchStats,ManagedConfiguration
AppLaunchStats,PowerLog
AppLaunchStats,CloudDocs
AppStoreUI,AppStoreUI
AppStoreUI,AggregateDictionary
AppStoreUI,AppSupport
AppStoreUI,iTunesStore
AppStoreUI,iTunesStoreUI
AppStoreUI,ManagedConfiguration
AppStoreUI,MobileIcons
AppStoreUI,SpringBoardServices
AppStoreUI,StoreServices
AppStoreUI,WebCore
AppSupport,AppSupport
AppSupport,GraphicsServices
AppSupport,MobileDelete
AppSupport,MobileCoreServices
AppSupport,DataMigration
AppSupport,CrashReporterSupport
AppSupport,AggregateDictionary
AppSupport,CoreTelephony
AppleAccount,AppleAccount
AppleAccount,StoreServices
AppleAccount,AccountsDaemon
AppleAccount,AOSNotification
AppleAccount,MailServices
AppleAccount,ApplePushService
AppleAccount,AppSupport
AppleAccount,SpringBoardServices
AppleAccountUI,AppleAccountUI
AppleAccountUI,MobileBackup
AppleAccountUI,FindMyDevice
AppleAccountUI,StoreServices
AppleAccountUI,Preferences
AppleAccountUI,DataAccess
AppleAccountUI,AccountsUI
AppleAccountUI,AppSupport
AppleAccountUI,GraphicsServices
AppleAccountUI,Message
AppleAccountUI,Message
AppleAccountUI,SpringBoardServices
AppleAccountUI,RemoteUI
AppleAccountUI,AppleAccount
AppleAccountUI,iCloudNotification
AppleAccountUI,ManagedConfiguration
AppleBasebandManager,AppleBasebandManager
AppleBasebandServices,AppleBasebandServices
AppleBasebandServices,AppleBasebandManager
AppleBasebandServices,ApplePDPHelper
AppleFSCompression,AppleFSCompression
AppleIDAuthSupport,AppleIDAuthSupport
AppleIDSSOAuthentication,AppleIDSSOAuthentication
AppleJPEG,AppleJPEG
AppleJPEG,IOSurfaceAccelerator
AppleJPEG,IOSurface
AppleLDAP,AppleLDAP
AppleLDAP,CommonAuth
ApplePDPHelper,ApplePDPHelper
ApplePushService,ApplePushService
ApplePushService,CommonUtilities
AppleSRP,AppleSRP
AppleSerialMultiplexer,AppleSerialMultiplexer
AppleVXD375Framework,AppleVXD375Framework
AppleVXD375Framework,IOSurface
AppleVXD390Framework,AppleVXD390Framework
AppleVXD390Framework,IOSurface
AskPermission,AskPermission
AskPermission,SpringBoardUIServices
AssertionServices,AssertionServices
AssertionServices,BaseBoard
AssetsLibraryServices,AssetsLibraryServices
AssetsLibraryServices,IOSurface
AssetsLibraryServices,AppSupport
AssetsLibraryServices,TCC
AssistantServices,AssistantServices
AssistantServices,SAObjects
AssistantServices,AppSupport
AssistantServices,GraphicsServices
AssistantServices,ManagedConfiguration
AssistantServices,AggregateDictionary
AssistantServices,VoiceServices
AssistantServices,CrashReporterSupport
AssistantServices,MobileKeyBag
AssistantUI,AssistantUI
AssistantUI,AssertionServices
AssistantUI,MobileWiFi
AssistantUI,VoiceTrigger
AssistantUI,VoiceServices
AssistantUI,SpringBoardUI
AssistantUI,SpringBoardFoundation
AssistantUI,SpringBoardUIServices
AssistantUI,SiriUI
AssistantUI,Preferences
AssistantUI,BulletinBoard
AssistantUI,VisualVoicemail
AssistantUI,StoreServices
AssistantUI,AssistantServices
AssistantUI,IMCore
AssistantUI,SAObjects
AssistantUI,AppSupport
BTLEAudioController,BTLEAudioController
BackBoardServices,BackBoardServices
BackBoardServices,AssertionServices
BackBoardServices,BaseBoard
BackBoardServices,GraphicsServices
BackBoardServices,FrontBoardServices
BackBoardServices,FrontBoardServices
BackgroundTaskAgent,BackgroundTaskAgent
BaseBoard,BaseBoard
BaseBoard,GraphicsServices
BluetoothManager,BluetoothManager
BluetoothManager,MobileBluetooth
Bom,Bom
BookmarkDAV,BookmarkDAV
BookmarkDAV,WebBookmarks
BookmarkDAV,CoreDAV
BulletinBoard,BulletinBoard
BulletinBoard,CrashReporterSupport
BulletinBoard,AssertionServices
BulletinBoard,FrontBoardServices
BulletinBoard,BaseBoard
BulletinBoard,IncomingCallFilter
BulletinBoard,AggregateDictionary
BulletinBoard,IDS
BulletinBoard,TelephonyUtilities
BulletinBoard,SpringBoardServices
BulletinBoard,CoreTime
CPMLBestShim,CPMLBestShim
CPMLBestShim,CorePrediction
CPMLBestShim,CoreDuetDaemonProtocol
CPMLBestShim,CoreDuet
CacheDelete,CacheDelete
CacheDelete,AggregateDictionary
CacheDelete,MobileSystemServices
CalDAV,CalDAV
CalDAV,CoreDAV
CalDAV,iCalendar
Calculate,Calculate
CalendarFoundation,CalendarFoundation
CalendarFoundation,IntlPreferences
CalendarFoundation,Bom
CalendarFoundation,CoreDAV
CalendarFoundation,TCC
CalendarUIKit,CalendarUIKit
CalendarUIKit,CalendarFoundation
CalendarUIKit,IntlPreferences
CallHistory,CallHistory
CallHistory,AppSupport
CallHistory,MobileKeyBag
CallHistory,WirelessDiagnostics
CameraKit,CameraKit
CameraKit,ACTFramework
CameraKit,IOSurface
CameraKit,AssetsLibraryServices
CameraKit,DCIMServices
CameraKit,SpringBoardUI
CameraKit,AggregateDictionary
CameraKit,Celestial
CameraKit,SpringBoardServices
CameraKit,BackBoardServices
CameraKit,FrontBoardServices
CameraKit,AppSupport
CameraKit,PhotosUI
CameraKit,PhotoLibraryServices
CameraKit,CrashReporterSupport
CaptiveNetwork,CaptiveNetwork
Celestial,Celestial
Celestial,BackBoardServices
Celestial,IOSurface
Celestial,IOSurfaceAccelerator
Celestial,IOMobileFramebuffer
Celestial,CrashReporterSupport
Celestial,SpringBoardServices
Celestial,TCC
Celestial,AggregateDictionary
Celestial,ManagedConfiguration
CellularPlanManager,CellularPlanManager
CertInfo,CertInfo
CertUI,CertUI
CertUI,SpringBoardServices
CertUI,AppSupport
ChatKit,ChatKit
ChatKit,AirTraffic
ChatKit,MobileBackup
ChatKit,IOSurface
ChatKit,Celestial
ChatKit,SpringBoardUI
ChatKit,NotificationsUI
ChatKit,CameraKit
ChatKit,IDS
ChatKit,AssetsLibraryServices
ChatKit,ManagedConfiguration
ChatKit,DataDetectorsUI
ChatKit,DataDetectorsCore
ChatKit,CoreRecents
ChatKit,CommunicationsSetupUI
ChatKit,XPCObjects
ChatKit,SAObjects
ChatKit,ToneLibrary
ChatKit,AppSupport
ChatKit,IMDPersistence
ChatKit,WebCore
ChatKit,IMCore
ChatKit,FTServices
ChatKit,Marco
ChatKit,FTClientServices
ChatKit,SpringBoardServices
ChatKit,TelephonyUtilities
ChatKit,FTAWD
ChunkingLibrary,ChunkingLibrary
CloudDocs,CloudDocs
CloudDocs,CoreDuet
CloudDocs,CrashReporterSupport
CloudDocs,ProtocolBuffer
CloudDocs,GenerationalStorage
CloudDocs,Librarian
CloudDocsDaemon,CloudDocsDaemon
CloudDocsDaemon,TCC
CloudDocsDaemon,BackBoardServices
CloudDocsDaemon,ManagedConfiguration
CloudDocsDaemon,AppleAccount
CloudDocsDaemon,CoreDuet
CloudDocsDaemon,MobileKeyBag
CloudDocsDaemon,CrashReporterSupport
CloudDocsDaemon,CacheDelete
CloudDocsDaemon,ProtocolBuffer
CloudDocsDaemon,ChunkingLibrary
CloudDocsDaemon,ApplePushService
CloudDocsDaemon,CloudDocs
CloudDocsDaemon,GenerationalStorage
CloudDocsDaemon,Librarian
CloudDocsDaemon,Ubiquity
CloudKitDaemon,CloudKitDaemon
CloudKitDaemon,AppSupport
CloudKitDaemon,AppleAccount
CloudKitDaemon,BackgroundTaskAgent
CloudKitDaemon,ManagedConfiguration
CloudKitDaemon,MobileKeyBag
CloudKitDaemon,Preferences
CloudKitDaemon,ProtectedCloudStorage
CloudKitDaemon,ApplePushService
CloudKitDaemon,AccountsDaemon
CloudKitDaemon,ProtocolBuffer
CloudKitDaemon,TCC
CloudKitDaemon,MMCS
CloudPhotoLibrary,CloudPhotoLibrary
CloudPhotoLibrary,CoreDuet
CloudPhotoLibrary,AggregateDictionary
CloudPhotoLibrary,SpringBoardServices
CloudPhotoLibrary,MMCS
CloudServices,CloudServices
ColorSync,ColorSync
CommonAuth,CommonAuth
CommonUtilities,CommonUtilities
CommunicationsFilter,CommunicationsFilter
CommunicationsFilter,IMFoundation
CommunicationsSetupUI,CommunicationsSetupUI
CommunicationsSetupUI,TelephonyUtilities
CommunicationsSetupUI,RemoteUI
CommunicationsSetupUI,IDS
CommunicationsSetupUI,Preferences
CommunicationsSetupUI,IMCore
CommunicationsSetupUI,DiagnosticLogCollection
CommunicationsSetupUI,FTClientServices
CommunicationsSetupUI,FTServices
CommunicationsSetupUI,AppSupport
CommunicationsSetupUI,Marco
CommunicationsSetupUI,IMAVCore
CommunicationsSetupUI,SpringBoardServices
CommunicationsSetupUI,WebCore
CompassUI,CompassUI
CompassUI,GeoServices
Conference,Conference
Conference,AppSupport
Conference,CommunicationsSetupUI
Conference,FTClientServices
Conference,IMAVCore
Conference,IMCore
Conference,IMFoundation
Conference,Marco
Conference,Preferences
Conference,SpringBoardServices
Conference,TelephonyUI
Conference,TelephonyUtilities
Conference,WebCore
Conference,FTServices
ConstantClasses,ConstantClasses
ContentIndex,ContentIndex
ContentIndex,AppSupport
CoreAUC,CoreAUC
CoreAUC,IOMobileFramebuffer
CoreBrightness,CoreBrightness
CoreBrightness,AggregateDictionary
CoreCapture,CoreCapture
CoreCaptureClient,CoreCaptureClient
CoreDAV,CoreDAV
CoreDuet,CoreDuet
CoreDuet,CoreDuetDaemonProtocol
CoreDuet,MobileKeyBag
CoreDuetAdmissionControlLog,CoreDuetAdmissionControlLog
CoreDuetAdmissionControlLog,PowerLog
CoreDuetDaemonProtocol,CoreDuetDaemonProtocol
CoreDuetDaemonProtocol,CoreDuetDebugLogging
CoreDuetDataModel,CoreDuetDataModel
CoreDuetDataParity,CoreDuetDataParity
CoreDuetDebugLogging,CoreDuetDebugLogging
CoreDuetStatistics,CoreDuetStatistics
CoreHAP,CoreHAP
CoreHAP,DiagnosticLogCollection
CoreHAP,DiagnosticLogCollection
CoreHAP,CoreSymbolication
CoreHAP,CrashReporterSupport
CoreHandwriting,CoreHandwriting
CoreHandwriting,CrashReporterSupport
CoreHandwriting,LanguageModeling
CoreIndoor,CoreIndoor
CoreIndoor,ProtocolBuffer
CoreMediaStream,CoreMediaStream
CoreMediaStream,IDS
CoreMediaStream,MMCS
CorePDF,CorePDF
CorePDF,WebKitLegacy
CorePDF,WebKit
CorePrediction,CorePrediction
CoreRC,CoreRC
CoreRC,CoreUtils
CoreRecents,CoreRecents
CoreRecents,AppSupport
CoreRecognition,CoreRecognition
CoreRecognition,Celestial
CoreRecognition,IOSurface
CoreRoutine,CoreRoutine
CoreRoutine,GeoServices
CoreRoutine,AppSupport
CoreSDB,CoreSDB
CoreSDB,IMFoundation
CoreSDB,Marco
CoreSDB,DataMigration
CoreServicesInternal,CoreServicesInternal
CoreServicesInternal,FileProvider
CoreServicesInternal,CloudDocs
CoreSuggestions,CoreSuggestions
CoreSuggestions,MobileKeyBag
CoreSuggestions,GeoServices
CoreSuggestions,CoreRecents
CoreSuggestions,MIME
CoreSuggestions,AppSupport
CoreSuggestions,AccountsUI
CoreSuggestions,AggregateDictionary
CoreSuggestions,AppleAccount
CoreSuggestions,AssistantServices
CoreSuggestions,CoreRoutine
CoreSuggestions,GraphicsServices
CoreSuggestions,EventKit
CoreSuggestions,WebKit
CoreSuggestions,WebUI
CoreSuggestions,CoreRecents
CoreSuggestions,GeoServices
CoreSuggestions,CallHistory
CoreSuggestionsInternals,CoreSuggestionsInternals
CoreSuggestionsInternals,Message
CoreSuggestionsInternals,RTCReporting
CoreSuggestionsInternals,CoreRecents
CoreSuggestionsInternals,MIME
CoreSuggestionsInternals,MobileAsset
CoreSuggestionsInternals,CorePrediction
CoreSuggestionsInternals,AggregateDictionary
CoreSuggestionsInternals,ProtocolBuffer
CoreSuggestionsInternals,MailServices
CoreSuggestionsInternals,CoreSuggestions
CoreSuggestionsInternals,DataDetectorsCore
CoreSuggestionsInternals,AppSupport
CoreSuggestionsInternals,AccountsUI
CoreSuggestionsInternals,AggregateDictionary
CoreSuggestionsInternals,AppleAccount
CoreSuggestionsInternals,AssistantServices
CoreSuggestionsInternals,CoreRoutine
CoreSuggestionsInternals,GraphicsServices
CoreSuggestionsInternals,EventKit
CoreSuggestionsInternals,WebKit
CoreSuggestionsInternals,WebUI
CoreSuggestionsInternals,CoreRecents
CoreSuggestionsInternals,GeoServices
CoreSuggestionsInternals,CallHistory
CoreSurface,CoreSurface
CoreSurface,IOSurface
CoreSurfaceAccelerator,CoreSurfaceAccelerator
CoreSurfaceAccelerator,IOSurfaceAccelerator
CoreSurfaceAccelerator,IOSurface
CoreSymbolication,CoreSymbolication
CoreTelephonyBypass,CoreTelephonyBypass
CoreThemeDefinition,CoreThemeDefinition
CoreThemeDefinition,CoreUI
CoreTime,CoreTime
CoreUI,CoreUI
CoreUtils,CoreUtils
CoreUtils,MobileWiFi
CoreUtils,IOSurface
CoreUtils,Celestial
CoreUtils,CoreSymbolication
CoreUtils,CrashReporterSupport
CoreUtils,DiagnosticLogCollection
CrashReporterSupport,CrashReporterSupport
CrashReporterSupport,ManagedConfiguration
DAAPKit,DAAPKit
DCIMServices,DCIMServices
DCIMServices,IOSurface
DCIMServices,AppSupport
DCIMServices,Celestial
DCIMServices,AssetsLibraryServices
DataAccess,DataAccess
DataAccess,AggregateDictionary
DataAccess,PowerLog
DataAccess,MobileKeyBag
DataAccess,CoreDuet
DataAccess,AppleAccount
DataAccess,WebBookmarks
DataAccess,ManagedConfiguration
DataAccess,AppSupport
DataAccess,iCalendar
DataAccess,DataAccessExpress
DataAccess,Notes
DataAccess,CoreDAV
DataAccess,CertUI
DataAccess,MIME
DataAccess,SpringBoardServices
DABookmarkDAV,DataAccess
DABookmarkDAV,DataAccess
DABookmarkDAV,CoreDAV
DABookmarkDAV,DataAccess
DABookmarkDAV,DataAccessExpress
DABookmarkDAV,PersistentConnection
DABookmarkDAV,SpringBoardServices
DABookmarkDAV,WebBookmarks
DADaemonBookmarkDAV,DataAccess
DADaemonBookmarkDAV,DataAccess
DADaemonBookmarkDAV,BookmarkDAV
DADaemonBookmarkDAV,WebBookmarks
DADaemonBookmarkDAV,DataAccessExpress
DADaemonBookmarkDAV,CoreDAV
DADaemonBookmarkDAV,PersistentConnection
DADaemonBookmarkDAV,DataAccess
DADaemonBookmarkDAV,DataAccess
DADaemonBookmarkDAV,Message
DACalDAV,DataAccess
DACalDAV,PowerLog
DACalDAV,CoreDAV
DACalDAV,DataAccess
DACalDAV,DataAccess
DACalDAV,DataAccess
DACalDAV,DataAccessExpress
DACalDAV,iCalendar
DACalDAV,CalDAV
DACalDAV,SpringBoardServices
DADaemonCalDAV,DataAccess
DADaemonCalDAV,iCalendar
DADaemonCalDAV,AggregateDictionary
DADaemonCalDAV,DataAccess
DADaemonCalDAV,Message
DADaemonCalDAV,DataAccess
DADaemonCalDAV,DataAccessExpress
DADaemonCalDAV,DataAccess
DADaemonCalDAV,DataAccess
DADaemonCalDAV,Message
DADaemonCalDAV,CoreDAV
DADaemonCalDAV,CalDAV
DACardDAV,DataAccess
DACardDAV,DataAccess
DACardDAV,AppSupport
DACardDAV,CoreDAV
DACardDAV,DataAccess
DACardDAV,DataAccessExpress
DACardDAV,PersistentConnection
DADaemonCardDAV,DataAccess
DADaemonCardDAV,Message
DADaemonCardDAV,DataAccessExpress
DADaemonCardDAV,CoreDAV
DADaemonCardDAV,PersistentConnection
DADaemonCardDAV,DataAccess
DADaemonCardDAV,DataAccess
DADaemonCardDAV,DataAccess
DADaemonCardDAV,Message
DACoreDAVGlue,DataAccess
DACoreDAVGlue,DataAccessExpress
DACoreDAVGlue,DataAccess
DACoreDAVGlue,CoreDAV
DACoreDAVGlue,SpringBoardServices
DACoreDAVGlue,AppSupport
DADaemonSupport,DataAccess
DADaemonSupport,MobileWiFi
DADaemonSupport,MobileKeyBag
DADaemonSupport,Symbolication
DADaemonSupport,AggregateDictionary
DADaemonSupport,Message
DADaemonSupport,AppleAccount
DADaemonSupport,WebBookmarks
DADaemonSupport,DataMigration
DADaemonSupport,PersistentConnection
DADaemonSupport,Notes
DADaemonSupport,DataAccess
DADaemonSupport,AppSupport
DADaemonSupport,DataAccessExpress
DADaemonSupport,DataAccess
DADaemonSupport,Preferences
DADaemonSupport,ManagedConfiguration
DADaemonSupport,SpringBoardServices
DADaemonSupport,ApplePushService
DADaemonSupport,CoreDAV
DADaemonEAS,DataAccess
DADaemonEAS,PowerLog
DADaemonEAS,AppSupport
DADaemonEAS,DataAccess
DADaemonEAS,DataAccessExpress
DADaemonEAS,DataAccess
DADaemonEAS,DataAccess
DADaemonEAS,iCalendar
DADaemonEAS,Message
DADaemonEAS,ManagedConfiguration
DADaemonEAS,Message
DADaemonEAS,MIME
DADaemonEAS,PersistentConnection
DADaemonEAS,SpringBoardServices
DAEAS,DataAccess
DAEAS,AppSupport
DAEAS,MIME
DAEAS,ManagedConfiguration
DAEAS,DataAccessExpress
DAEAS,DataAccess
DAEAS,iCalendar
DAEAS,PersistentConnection
DAEAS,SpringBoardServices
DADaemonIMAPNotes,DataAccess
DADaemonIMAPNotes,Message
DADaemonIMAPNotes,DataAccessExpress
DADaemonIMAPNotes,PersistentConnection
DADaemonIMAPNotes,SpringBoardServices
DADaemonIMAPNotes,MIME
DADaemonIMAPNotes,Message
DADaemonIMAPNotes,Notes
DADaemonIMAPNotes,DataAccess
DADaemonIMAPNotes,DataAccess
DADaemonIMAPNotes,DataAccess
DADaemonIMAPNotes,AppSupport
DAIMAPNotes,DataAccess
DAIMAPNotes,Notes
DAIMAPNotes,DataAccessExpress
DAIMAPNotes,DataAccess
DADaemonLDAP,DataAccess
DADaemonLDAP,DataAccess
DADaemonLDAP,DataAccessExpress
DADaemonLDAP,DataAccess
DADaemonLDAP,DataAccess
DALDAP,DataAccess
DALDAP,DataAccess
DALDAP,DataAccessExpress
DALDAP,AppleLDAP
DADaemonSubCal,DataAccess
DADaemonSubCal,AppSupport
DADaemonSubCal,CalDAV
DADaemonSubCal,DataAccess
DADaemonSubCal,DataAccessExpress
DADaemonSubCal,DataAccess
DADaemonSubCal,DataAccess
DADaemonSubCal,SpringBoardServices
DADaemonSubCal,iCalendar
DADaemonSubCal,DataAccess
DADaemonSubCal,PersistentConnection
DASubCal,DataAccess
DASubCal,DataAccessExpress
DASubCal,DataAccess
DASubCal,SpringBoardServices
DASubCal,DataAccess
DASubCal,iCalendar
DataAccessExpress,DataAccessExpress
DataAccessExpress,AppSupport
DataAccessUI,DataAccessUI
DataAccessUI,DataAccessExpress
DataAccessUI,AccountsUI
DataAccessUI,DataAccess
DataAccessUI,Preferences
DataDetectorsCore,DataDetectorsCore
DataDetectorsCore,SpringBoardServices
DataDetectorsCore,AppSupport
PhoneNumbers,DataDetectorsCore
PhoneNumbers,DataDetectorsCore
DataDetectorsUI,DataDetectorsUI
DataDetectorsUI,IDS
DataDetectorsUI,TelephonyUtilities
DataDetectorsUI,XPCObjects
DataDetectorsUI,DataDetectorsCore
DataDetectorsUI,WebCore
DataDetectorsUI,AppSupport
DataDetectorsUI,CrashReporterSupport
DataMigration,DataMigration
DataMigration,AppSupport
DeviceOMatic,DeviceOMatic
DeviceOMatic,MobileSystemServices
DeviceToDeviceManager,DeviceToDeviceManager
DiagnosticLogCollection,DiagnosticLogCollection
DiagnosticLogCollection,IMFoundation
DictionaryServices,DictionaryServices
DictionaryServices,MobileAsset
DictionaryServices,DictionaryServices
Duet,Duet
DuetNetworkClient,DuetNetworkClient
DuetNetworkClient,DuetPLLConfigLogger
DuetNetworkClient,AggregateDictionary
DuetNetworkClient,MobileKeyBag
DuetNetworkClient,Duet
DuetNetworkClient,PowerLog
DuetPLLConfigLogger,DuetPLLConfigLogger
DuetPLLConfigLogger,AggregateDictionary
DuetPLLConfigLogger,PowerLog
EAFirmwareUpdater,EAFirmwareUpdater
EAFirmwareUpdater,MobileAssetUpdater
EAP8021X,EAP8021X
EasyConfig,EasyConfig
EasyConfig,WirelessDiagnostics
EasyConfig,CoreUtils
EmbeddedAcousticRecognition,EmbeddedAcousticRecognition
FMF,FMF
FMF,AOSNotification
FMF,DiagnosticLogCollection
FMF,AppSupport
FMF,ManagedConfiguration
FMFUI,FMFUI
FMFUI,FamilyCircle
FMFUI,DiagnosticLogCollection
FMFUI,Preferences
FMFUI,FMF
FMFUI,ManagedConfiguration
FMFUI,AppSupport
FTAWD,FTAWD
FTAWD,CommonUtilities
FTClientServices,FTClientServices
FTClientServices,IMCore
FTClientServices,Marco
FTClientServices,FTServices
FTClientServices,GraphicsServices
FTClientServices,CommonUtilities
FTServices,FTServices
FTServices,IMFoundation
FTServices,Marco
FTServices,IDSFoundation
FTServices,CommonUtilities
FTServices,IMDaemonCore
FaceCore,FaceCore
FamilyCircle,FamilyCircle
FamilyCircle,AppleAccount
FamilyCircle,AppleAccountUI
FamilyNotification,FamilyNotification
FileProvider,FileProvider
FileProvider,AppSupport
FileProvider,FileProvider
FileProvider,FileProvider/Modules
FindMyDevice,FindMyDevice
FindMyDeviceUI,FindMyDeviceUI
FindMyDeviceUI,RemoteUI
FindMyDeviceUI,AppleAccount
FindMyDeviceUI,AppleAccountUI
FindMyDeviceUI,FindMyDevice
FindMyDeviceUI,Preferences
FontServices,FontServices
FontServices,GraphicsServices
libFontParser,FontServices
libFontParser,FontServices
libGSFontCache,FontServices
libGSFontCache,ConstantClasses
libTrueTypeScaler,FontServices
libTrueTypeScaler,FontServices
libType1Scaler,FontServices
libType1Scaler,FontServices
FrontBoard,FrontBoard
FrontBoard,CrashReporterSupport
FrontBoard,IOSurface
FrontBoard,AggregateDictionary
FrontBoard,AppSupport
FrontBoard,BackBoardServices
FrontBoard,BaseBoard
FrontBoard,FrontBoardServices
FrontBoard,ApplePushService
FrontBoard,ApplePushService
FrontBoardServices,FrontBoardServices
FrontBoardServices,BackBoardServices
FrontBoardServices,BaseBoard
libmetal_timestamp,GPUCompiler
libsrc2module,GPUCompiler
libsrc2module,GPUCompiler
libsrc2module,OpenCL
libsrc2module,OpenCL
libsrc2module,OpenCL
libGPUSupport,GPUSupport
libGPUSupport,IOSurface
libGPUSupportMercury,GPUSupport
libGPUSupportMercury,IOSurface
libGPUSupportMercury,IOAccelerator
GameCenterFoundation,GameCenterFoundation
GameCenterFoundation,SpringBoardServices
GameCenterFoundation,MailServices
GameCenterFoundation,ManagedConfiguration
GameCenterFoundation,GraphicsServices
GameCenterFoundation,StoreServices
GameCenterFoundation,AppSupport
GameCenterFoundation,GameKitServices
GameCenterFoundation,DiagnosticLogCollection
GameCenterFoundation,GameCenterFoundation
GameCenterFoundation,GameCenterUI
GameCenterFoundation,GameCenterPrivateUIMac
GameCenterFoundation,GameKitServices
GameCenterFoundation,GameKitServices
GameCenterFoundation,GameKitServices
GameCenterPrivateUI,GameCenterPrivateUI
GameCenterPrivateUI,DiagnosticLogCollection
GameCenterPrivateUI,GameCenterFoundation
GameCenterPrivateUI,GameCenterUI
GameCenterPrivateUI,RemoteUI
GameCenterUI,GameCenterUI
GameCenterUI,GameCenterFoundation
GameCenterUI,AppleAccount
GameCenterUI,AppleAccountUI
GameCenterUI,WebCore
GameCenterUI,SpringBoardServices
GameCenterUI,GameKitServices
GameCenterUI,AppSupport
GameCenterUI,DiagnosticLogCollection
GameCenterUI,GraphicsServices
GameCenterUI,MailServices
GameCenterUI,StoreServices
GameCenterUI,MobileIcons
GameCenterUI,ManagedConfiguration
AVConference,GameKitServices
AVConference,WirelessCoexManager
AVConference,Celestial
AVConference,IOSurface
AVConference,ApplePushService
AVConference,GraphicsServices
AVConference,Marco
AVConference,VideoProcessing
AVConference,SpringBoardServices
AVConference,GameKitServices
AVConference,GameKitServices
AVConference,GameKitServices
AVConference,GameKitServices
AVConference,GameKitServices
AVConference,FTServices
AVConference,LatteRTC
GKSPerformance,GameKitServices
GKSPerformance,Marco
GKSPerformance,AggregateDictionary
GKSPerformance,WirelessDiagnostics
GKSPerformance,GameKitServices
ICE,GameKitServices
ICE,GameKitServices
ICE,GameKitServices
ICE,GameKitServices
ICE,GameKitServices
LegacyHandle,GameKitServices
SimpleKeyExchange,GameKitServices
ViceroyTrace,GameKitServices
ViceroyTrace,Marco
ViceroyTrace,AggregateDictionary
ViceroyTrace,WirelessDiagnostics
ViceroyTrace,GameKitServices
ViceroyTrace,VideoProcessing
ViceroyTrace,GameKitServices
ViceroyTrace,GameKitServices
ViceroyTrace,RTCReporting
ViceroyTrace,RTCReporting
ViceroyTrace,GameKitServices
snatmap,GameKitServices
snatmap,GameKitServices
snatmap,GameKitServices
GameKitServices,GameKitServices
GameKitServices,GameKitServices
GameKitServices,GameKitServices
GameKitServices,GameKitServices
GameKitServices,MobileBluetooth
GameKitServices,BluetoothManager
GameKitServices,Celestial
GameKitServices,IOSurface
GameKitServices,Marco
GameKitServices,ApplePushService
GameKitServices,TCC
GameKitServices,GameKitServices
GameKitServices,GameKitServices
GameKitServices,GameKitServices
GenerationalStorage,GenerationalStorage
GenerationalStorage,ChunkingLibrary
GeoServices,GeoServices
GeoServices,ProtocolBuffer
GeoServices,AppSupport
GeoServices,MobileKeyBag
GeoServices,AppleAccount
GeoServices,AppleAccount
GeoServices,CallHistory
GeoServices,CallHistory
GraphicsServices,GraphicsServices
GraphicsServices,%d.dylib
GraphicsServices,FontServices
GraphicsServices,UIFoundation
GraphicsServices,CrashReporterSupport
GraphicsServices,AggregateDictionary
H3ISPServices,H3ISPServices
H3ISPServices,IOMobileFramebuffer
H3ISPServices,IOSurface
H3ISPServices,Celestial
H4ISPServices,H4ISPServices
H4ISPServices,IOSurface
H4ISPServices,Celestial
HSAAuthentication,HSAAuthentication
HSAAuthentication,IMFoundation
HealthDaemon,HealthDaemon
HealthDaemon,MobileKeyBag
HealthDaemon,AppSupport
HealthKitUI,HealthKitUI
HealthKitUI,TelephonyUtilities
Heimdal,Heimdal
HomeKitDaemon,HomeKitDaemon
HomeKitDaemon,WirelessDiagnostics
HomeKitDaemon,TCC
HomeKitDaemon,AssertionServices
HomeKitDaemon,MobileKeyBag
HomeKitDaemon,ApplePushService
HomeKitDaemon,BackgroundTaskAgent
HomeKitDaemon,AppleAccount
HomeKitDaemon,IDS
HomeKitDaemon,CoreHAP
HomeSharing,HomeSharing
HomeSharing,DAAPKit
HomeSharing,AppSupport
HomeSharing,MediaServices
HomeSharing,MusicLibrary
HomeSharing,StoreServices
HomeSharing,iTunesStore
IAP,IAP
IAP,GraphicsServices
IAP,AppSupport
IAP,SpringBoardServices
IAPAuthentication,IAPAuthentication
IDS,IDS
IDS,Marco
IDS,IMFoundation
IDS,CommonUtilities
IDS,IDSFoundation
IDSFoundation,IDSFoundation
IDSFoundation,IMFoundation
IDSFoundation,CommonUtilities
IDSFoundation,Marco
IMAVCore,IMAVCore
IMAVCore,Marco
IMAVCore,IncomingCallFilter
IMAVCore,FTAWD
IMAVCore,IMCore
IMAVCore,FTServices
IMCore,IMCore
IMCore,ManagedConfiguration
IMCore,IMFoundation
IMCore,Marco
IMCore,FTServices
IMCore,IDS
IMDMessageServices,IMDMessageServices
IMDMessageServices,IMFoundation
IMDMessageServices,Marco
IMDPersistence,IMDPersistence
IMDPersistence,IMFoundation
IMDPersistence,Marco
IMDPersistence,CoreSDB
IMDPersistence,MobileKeyBag
IMDaemonCore,IMDaemonCore
IMDaemonCore,IMFoundation
IMDaemonCore,IMDPersistence
IMDaemonCore,Marco
IMDaemonCore,FTAWD
IMDaemonCore,IMDMessageServices
IMDaemonCore,CommonUtilities
IMDaemonCore,FTServices
IMDaemonCore,IDS
IMDaemonCore,IDSFoundation
IMDaemonCore,PowerLog
IMDaemonCore,CoreRecents
IMFoundation,IMFoundation
IMFoundation,CommonUtilities
IMFoundation,MobileKeyBag
IMFoundation,IMCore
IMTranscoding,IMTranscoding
IMTranscoding,IMFoundation
IMTranscoding,Marco
IMTransferServices,IMTransferServices
IMTransferServices,IMFoundation
IMTransferServices,Marco
IOAccelerator,IOAccelerator
IOAccelerator,IOSurface
IOCEC,IOCEC
IOMobileFramebuffer,IOMobileFramebuffer
IOMobileFramebuffer,IOSurface
IOMobileFramebuffer,MediaToolbox
IOMobileFramebuffer,Celestial
IOSurface,IOSurface
IOSurfaceAccelerator,IOSurfaceAccelerator
IOSurfaceAccelerator,IOSurface
ITMLKit,ITMLKit
ITMLKit,AppSupport
ITMLKit,iTunesStore
ITMLKit,ManagedConfiguration
ITMLKit,StoreServices
ImageCapture,ImageCapture
ImageCapture,UserFS
ImageCapture,ImageCapture
IncomingCallFilter,IncomingCallFilter
IncomingCallFilter,CommunicationsFilter
IncomingCallFilter,IMFoundation
IncomingCallFilter,DiagnosticLogCollection
IntlPreferences,IntlPreferences
IntlPreferences,AssistantServices
LanguageModeling,LanguageModeling
LanguageModeling,DataDetectorsCore
LatentSemanticMapping,LatentSemanticMapping
LegacyGameKit,LegacyGameKit
LegacyGameKit,GameCenterFoundation
LegacyGameKit,GameKitServices
LegacyGameKit,GameKitServices
LegacyGameKit,LegacyGameKit
Librarian,Librarian
Librarian,Ubiquity
MIME,MIME
MIME,MessageSupport
MIME,AppSupport
MIME,GraphicsServices
MMCS,MMCS
MMCS,ProtectedCloudStorage
MMCS,CoreDuet
MMCS,AppSupport
MMCS,PowerLog
MMCS,ChunkingLibrary
MMCS,MMCS
MMCS,WirelessDiagnostics
MMCS,ProtocolBuffer
MMCSServices,MMCSServices
MMCSServices,MMCS
MMCSServices,IMFoundation
MMCSServices,Marco
MMCSServices,CommonUtilities
MPUFoundation,MPUFoundation
MPUFoundation,MusicLibrary
MPUFoundation,ProtocolBuffer
MPUFoundation,MediaRemote
MTLCompiler,MTLCompiler
MTLCompiler,GPUCompiler
MTLCompiler,AGXCompilerCore
MailServices,MailServices
MailServices,MIME
MailServices,AppSupport
MailServices,SpringBoardServices
MailServices,MessageSupport
MDM,ManagedConfiguration
MDM,MobileKeyBag
MDM,CrashReporterSupport
MDM,FindMyDevice
MDM,AppleAccountUI
MDM,AggregateDictionary
MDM,BulletinBoard
MDM,Preferences
MDM,SpringBoardUIServices
MDM,SpringBoardFoundation
MDM,SpringBoardServices
MDM,PersistentConnection
MDM,GraphicsServices
MDM,AppleAccount
MDM,HomeSharing
MDM,MediaRemote
MDM,iTunesStore
MDM,MobileInstallation
MDM,StoreServices
MDM,ManagedConfiguration
MDM,AppSupport
ManagedConfiguration,ManagedConfiguration
ManagedConfiguration,MobileKeyBag
ManagedConfiguration,Netrb
ManagedConfiguration,AppSupport
ManagedConfiguration,GraphicsServices
ManagedConfiguration,SpringBoardServices
ManagedConfiguration,PersistentConnection
ManagedConfiguration,DataMigration
ManagedConfiguration,VPNUtilities
ManagedConfiguration,PowerlogControl
ManagedConfiguration,PhotoLibrary
ManagedConfiguration,Message
ManagedConfiguration,ManagedConfiguration
ManagedConfiguration,ManagedConfiguration
ManagedConfiguration,DataAccessExpress
ManagedConfiguration,BulletinBoard
ManagedConfiguration,Preferences
ManagedConfiguration,BiometricKit
ManagedConfiguration,FrontBoardServices
ManagedConfiguration,WebContentAnalysis
MapsSupport,MapsSupport
MapsSupport,ProtocolBuffer
MapsSupport,GeoServices
Marco,Marco
Marco,IMFoundation
Marco,DiagnosticLogCollection
MediaControlSender,MediaControlSender
MediaControlSender,ManagedConfiguration
MediaControlSender,MediaRemote
MediaControlSender,MobileWiFi
MediaControlSender,AirPlaySupport
MediaControlSender,AppleSRP
MediaControlSender,CoreUtils
MediaControlSender,IOMobileFramebuffer
MediaControlSender,WirelessDiagnostics
MediaControlSender,Celestial
MediaPlayerUI,MediaPlayerUI
MediaPlayerUI,AirTraffic
MediaPlayerUI,MPUFoundation
MediaPlayerUI,ITMLKit
MediaPlayerUI,GraphicsServices
MediaPlayerUI,StoreServices
MediaPlayerUI,StoreKitUI
MediaPlayerUI,Celestial
MediaPlayerUI,SpringBoardServices
MediaPlayerUI,SpringBoardUI
MediaPlayerUI,MediaRemote
MediaPlayerUI,MusicLibrary
MediaPlayerUI,AppSupport
MediaPlayerUI,RadioUI
MediaRemote,MediaRemote
MediaRemote,MediaServices
MediaServices,MediaServices
MediaServices,AppSupport
MediaStream,MediaStream
MediaStream,MobileKeyBag
MediaStream,SpringBoardServices
MediaStream,MMCS
MediaStream,ApplePushService
MediaStream,XPCKit
MediaStream,CoreMediaStream
MediaStream,AppSupport
MediaStream,AppleAccount
IMAP,Message
IMAP,Message
IMAP,MailServices
IMAP,MessageSupport
IMAP,AppleAccount
IMAP,MIME
IMAP,AppSupport
IMAP,GraphicsServices
IMAP,CertUI
IMAP,PersistentConnection
POP,Message
POP,Message
POP,MessageSupport
POP,MIME
POP,CertUI
POP,AppSupport
Message,Message
Message,MobileKeyBag
Message,CoreDuet
Message,SpringBoardServices
Message,AppSupport
Message,ContentIndex
Message,MessageSupport
Message,GraphicsServices
Message,DataAccess
Message,PersistentConnection
Message,DataAccessExpress
Message,MIME
Message,CertUI
Message,MobileWiFi
Message,MobileWiFi
Message,PowerLog
Message,PowerLog
MessageProtection,MessageProtection
MessageSupport,MessageSupport
MessageSupport,AppSupport
MessageSupport,CrashReporterSupport
MessageSupport,CrashReporterSupport
MobileAccessoryUpdater,MobileAccessoryUpdater
MobileActivation,MobileActivation
MobileAsset,MobileAsset
MobileAsset,AppSupport
MobileAssetUpdater,MobileAssetUpdater
MobileAssetUpdater,MobileAsset
MobileBackup,MobileBackup
MobileBackup,MobileKeyBag
MobileBackup,MobileDeviceLink
MobileBackup,MobileIcons
MobileBackup,ManagedConfiguration
MobileBackup,AggregateDictionary
MobileBackup,AppSupport
MobileBluetooth,MobileBluetooth
MobileContainerManager,MobileContainerManager
MobileContainerManager,MobileSystemServices
MobileDelete,MobileDelete
MobileDelete,CacheDelete
MobileDelete,MobileSystemServices
MobileDeviceLink,MobileDeviceLink
MobileIcons,MobileIcons
MobileInstallation,MobileInstallation
MobileInstallation,MobileSystemServices
MobileKeyBag,MobileKeyBag
MobileKeyBag,MobileSystemServices
MobileObliteration,MobileObliteration
MobileObliteration,MobileSystemServices
MobileSoftwareUpdate,MobileSoftwareUpdate
MobileSoftwareUpdate,MobileAsset
MobileStorage,MobileStorage
MobileStorage,MobileSystemServices
MobileSync,MobileSync
MobileSync,MobileDeviceLink
MobileSync,AppSupport
MobileSync,AggregateDictionary
MobileSync,Notes
MobileSync,DataAccessExpress
MobileSync,WebBookmarks
MobileSync,AppleAccount
MobileSync,Message
MobileSystemServices,MobileSystemServices
MobileTimer,MobileTimer
MobileTimer,AppSupport
MobileTimer,SpringBoardServices
MobileTimer,ToneLibrary
MobileTimer,AggregateDictionary
MobileTimer,Weather
MobileWiFi,MobileWiFi
MobileWiFi,MobileKeyBag
MobileWiFi,CaptiveNetwork
MobileWiFi,EAP8021X
MultitouchSupport,MultitouchSupport
MusicCarDisplayUI,MusicCarDisplayUI
MusicCarDisplayUI,RadioUI
MusicCarDisplayUI,MusicUI
MusicCarDisplayUI,Radio
MusicCarDisplayUI,SpringBoardServices
MusicCarDisplayUI,MediaPlayerUI
MusicCarDisplayUI,MediaRemote
MusicCarDisplayUI,SAObjects
MusicCarDisplayUI,AssistantServices
MusicLibrary,MusicLibrary
MusicLibrary,MobileKeyBag
MusicLibrary,MediaServices
MusicLibrary,DAAPKit
MusicLibrary,GraphicsServices
MusicLibrary,AppSupport
MusicLibrary,ManagedConfiguration
MusicLibrary,Celestial
MusicLibrary,SpringBoardServices
MusicLibrary,StoreServices
MusicLibrary,ProtocolBuffer
MusicStoreUI,MusicStoreUI
MusicStoreUI,iTunesStore
MusicStoreUI,iTunesStoreUI
MusicStoreUI,ManagedConfiguration
MusicStoreUI,SpringBoardServices
MusicStoreUI,StoreServices
MusicUI,MusicUI
MusicUI,SpringBoardServices
MusicUI,RadioUI
MusicUI,GraphicsServices
MusicUI,Radio
MusicUI,MediaRemote
MusicUI,Celestial
MusicUI,HomeSharing
MusicUI,AppSupport
MusicUI,MusicLibrary
MusicUI,iTunesStore
MusicUI,iTunesStoreUI
MusicUI,StoreServices
MusicUI,ManagedConfiguration
MusicUI,MusicStoreUI
MusicUI,MediaPlayerUI
MusicUI,StoreKitUI
NCLaunchStats,NCLaunchStats
NCLaunchStats,MobileKeyBag
NCLaunchStats,PersistentConnection
NCLaunchStats,CoreDuetDaemonProtocol
NCLaunchStats,CoreDuet
NCLaunchStats,ManagedConfiguration
Netrb,Netrb
NetworkStatistics,NetworkStatistics
Notes,Notes
Notes,AggregateDictionary
Notes,AccountsUI
Notes,ContentIndex
Notes,MIME
Notes,AppSupport
Notes,Notes
NotificationsUI,NotificationsUI
NotificationsUI,BaseBoard
OAuth,OAuth
OfficeImport,OfficeImport
float_rgba,OpenCL
half_rgba,OpenCL
sfixed14_rgba,OpenCL
sint16_rgba,OpenCL
sint32_rgba,OpenCL
sint8_rgba,OpenCL
uint16_rgba,OpenCL
uint32_rgba,OpenCL
uint8_rgba,OpenCL
unorm16_rgba,OpenCL
unorm8_bgra,OpenCL
unorm8_rgba,OpenCL
unorm8_rgx,OpenCL
unorm8_rx,OpenCL
OpenCL,OpenCL
OpenCL,IOSurface
OpenCL,OpenCL
libCLVMCPUPlugin,OpenCL
libCLVMCPUPlugin,GPUCompiler
libCLVMCPUPlugin,OpenCL
libCLVMCPUPlugin,OpenCL
libCLVMCPUPlugin,/OpenCL
libcldcpuengine,OpenCL
libcldcpuengine,OpenCL
libcldcpuengine,OpenCL
PacketFilter,PacketFilter
Parsec,Parsec
Parsec,CoreDuet
Parsec,CoreDuetDaemonProtocol
PassKitCore,PassKitCore
PassKitCore,AppleIDSSOAuthentication
PassKitCore,AggregateDictionary
PassKitCore,AppleAccount
PassKitCore,ManagedConfiguration
PassKitCore,SpringBoardServices
PassKitCore,XPCObjects
PassKitCore,MobileIcons
PassKitCore,Bom
PassKitCore,AppSupport
PassKitCore,GraphicsServices
PassKitCore,NearField
PersistentConnection,PersistentConnection
PersistentConnection,CommonUtilities
PersistentConnection,AppSupport
PhotoBoothEffects,PhotoBoothEffects
PhotoBoothEffects,IOSurface
PhotoEditSupport,PhotoEditSupport
PhotoLibrary,PhotoLibrary
PhotoLibrary,IOSurface
PhotoLibrary,ACTFramework
PhotoLibrary,PhotosFormats
PhotoLibrary,AppleJPEG
PhotoLibrary,DCIMServices
PhotoLibrary,CameraKit
PhotoLibrary,PhotoLibraryServices
PhotoLibrary,MediaStream
PhotoLibrary,AppSupport
PhotoLibrary,Celestial
PhotoLibrary,SpringBoardServices
PhotoLibrary,ImageCapture
PhotoLibrary,iPhotoMigrationSupport
PhotoLibrary,AssetsLibraryServices
PhotoLibrary,SpringBoardFoundation
PhotoLibrary,SpringBoardUIServices
PhotoLibrary,ManagedConfiguration
PhotoLibrary,AppleAccount
PhotoLibrary,AppleAccountUI
PhotoLibrary,Accounts
PhotoLibrary,CoreRecents
PhotoLibrary,CoreRecents
PhotoLibrary,MediaRemote
PhotoLibraryServices,PhotoLibraryServices
PhotoLibraryServices,IOSurface
PhotoLibraryServices,CacheDelete
PhotoLibraryServices,MobileKeyBag
PhotoLibraryServices,AppleAccount
PhotoLibraryServices,PhotosFormats
PhotoLibraryServices,CloudPhotoLibrary
PhotoLibraryServices,ContentIndex
PhotoLibraryServices,GraphicsServices
PhotoLibraryServices,DCIMServices
PhotoLibraryServices,GeoServices
PhotoLibraryServices,AppSupport
PhotoLibraryServices,TCC
PhotoLibraryServices,CoreMediaStream
PhotoLibraryServices,MediaStream
PhotoLibraryServices,Celestial
PhotoLibraryServices,SpringBoardServices
PhotoLibraryServices,AssetsLibraryServices
PhotoLibraryServices,AggregateDictionary
PhotoLibraryServices,CrashReporterSupport
PhotoLibraryServices,MobileBackup
PhotoLibraryServices,PhotoEditSupport
PhotoLibraryServices,DataMigration
PhotoLibraryServices,CloudPhotoLibrary
PhotosFormats,PhotosFormats
PhysicsKit,PhysicsKit
PlugInKit,PlugInKit
PowerLog,PowerLog
PowerlogControl,PowerlogControl
PowerlogCore,PowerlogCore
PowerlogCore,MobileKeyBag
PowerlogCore,AppSupport
PowerlogCore,AggregateDictionary
PowerlogCore,ConstantClasses
PowerlogCore,PowerlogControl
PowerlogCore,IOMobileFramebuffer
PowerlogCore,PowerlogFullOperators
PowerlogDatabaseReader,PowerlogDatabaseReader
PowerlogFullOperators,PowerlogFullOperators
PowerlogFullOperators,WirelessDiagnostics
PowerlogFullOperators,PowerlogLiteOperators
PowerlogFullOperators,PowerlogCore
PowerlogFullOperators,PersistentConnection
PowerlogLiteOperators,PowerlogLiteOperators
PowerlogLiteOperators,IAP
PowerlogLiteOperators,CoreDuet
PowerlogLiteOperators,BackBoardServices
PowerlogLiteOperators,CoreDuetDaemonProtocol
PowerlogLiteOperators,CoreBrightness
PowerlogLiteOperators,StoreServices
PowerlogLiteOperators,AggregateDictionary
PowerlogLiteOperators,MobileBluetooth
PowerlogLiteOperators,WirelessDiagnostics
PowerlogLiteOperators,Symptoms
PowerlogLiteOperators,Symptoms
PowerlogLiteOperators,NetworkStatistics
PowerlogLiteOperators,MobileWiFi
PowerlogLiteOperators,ManagedConfiguration
PowerlogLiteOperators,Celestial
PowerlogLiteOperators,SpringBoardServices
PowerlogLiteOperators,PowerlogCore
Preferences,Preferences
Preferences,AssistantServices
Preferences,VoiceServices
Preferences,IOMobileFramebuffer
Preferences,IntlPreferences
Preferences,SpringBoardServices
Preferences,TCC
Preferences,GraphicsServices
Preferences,AggregateDictionary
Preferences,AppSupport
Preferences,MobileIcons
Preferences,ManagedConfiguration
Preferences,BluetoothManager
Preferences,CloudServices
Preferences,Symptoms
Preferences,EAP8021X
Preferences,AssistantServices
Preferences,AssistantServices
Preferences,WebUI
Preferences,HSAAuthentication
Preferences,FTServices
Preferences,BiometricKit
Preferences,iOSDiagnostics
Preferences,PowerlogDatabaseReader
Preferences,BulletinBoard
Preferences,Weather
Preferences,AssistantServices
Preferences,BulletinBoard
Preferences,MobileWiFi
Preferences,MobileWiFi
Preferences,BackBoardServices
Preferences,BackBoardServices
Preferences,AccessibilityUtilities
Preferences,AccessibilityUtilities
Preferences,FrontBoardServices
PrintKit,PrintKit
PrintKit,SpringBoardServices
PrintKit,AssetsLibraryServices
PrintKit,AggregateDictionary
PrintKit,ManagedConfiguration
PrintKit,ManagedConfiguration
PrintKit,CertUI
PrintKit,CertUI
ProgressUI,ProgressUI
ProgressUI,DataMigration
ProofReader,ProofReader
ProofReader,LanguageModeling
ProtectedCloudStorage,ProtectedCloudStorage
ProtectedCloudStorage,CloudServices
ProtocolBuffer,ProtocolBuffer
ProtocolBuffer,AppSupport
PrototypeTools,PrototypeTools
PrototypeTools,AppSupport
PrototypeTools,Celestial
Quagga,Quagga
RTCReporting,RTCReporting
RTCReporting,CrashReporterSupport
RTCReporting,PowerLog
Radio,Radio
Radio,BackBoardServices
Radio,AppSupport
Radio,iTunesStore
Radio,StoreServices
Radio,ApplePushService
Radio,GraphicsServices
RadioUI,RadioUI
RadioUI,MPUFoundation
RadioUI,AppSupport
RadioUI,Celestial
RadioUI,GraphicsServices
RadioUI,iTunesStore
RadioUI,iTunesStoreUI
RadioUI,ManagedConfiguration
RadioUI,MediaPlayerUI
RadioUI,MediaRemote
RadioUI,Radio
RadioUI,SpringBoardServices
RadioUI,StoreKitUI
RadioUI,StoreServices
RemoteUI,RemoteUI
RemoteUI,WebCore
RemoteUI,MobileIcons
ResponseKit,ResponseKit
ResponseKit,LanguageModeling
SAObjects,SAObjects
ScreenReaderBrailleDriver,ScreenReaderBrailleDriver
ScreenReaderBrailleDriver,ScreenReaderCore
ScreenReaderCore,ScreenReaderCore
ScreenReaderCore,CoreSymbolication
ScreenReaderOutput,ScreenReaderOutput
ScreenReaderOutput,AXRuntime
ScreenReaderOutput,ScreenReaderCore
ScreenReaderOutputServer,ScreenReaderOutputServer
ScreenReaderOutputServer,ScreenReaderCore
ScreenReaderOutputServer,AXRuntime
Search,Search
Search,Parsec
Search,AppSupport
Search,ManagedConfiguration
Search,ProtocolBuffer
Search,ContentIndex
Search,SpringBoardServices
Search,GraphicsServices
Search,Search
SecureNetworking,SecureNetworking
ServiceManagement,ServiceManagement
SharedWebCredentials,SharedWebCredentials
SharedWebCredentials,CoreUtils
Sharing,Sharing
Sharing,MobileWiFi
Sharing,AppSupport
Sharing,ManagedConfiguration
Sharing,SpringBoardServices
Sharing,BluetoothManager
Sharing,WebUI
Sharing,WebUI
Sharing,Sharing
SiriUI,SiriUI
SiriUI,CrashReporterSupport
SiriUI,Celestial
SiriUI,AggregateDictionary
SiriUI,AppSupport
SiriUI,AssistantServices
SiriUI,SAObjects
SiriUI,CrashReporterSupport
SoftwareBehaviorServices,SoftwareBehaviorServices
SoftwareUpdateServices,SoftwareUpdateServices
SoftwareUpdateServices,MobileSoftwareUpdate
SoftwareUpdateServices,MobileBackup
SoftwareUpdateServices,MobileWiFi
SoftwareUpdateServices,MobileKeyBag
SoftwareUpdateServices,AggregateDictionary
SoftwareUpdateServices,AppSupport
SoftwareUpdateServices,MobileAsset
SplashBoard,SplashBoard
SplashBoard,IOSurface
SplashBoard,FrontBoard
SplashBoard,SpringBoardFoundation
SplashBoard,BackBoardServices
SplashBoard,BaseBoard
SportsTrainer,SportsTrainer
SportsTrainer,GraphicsServices
SportsTrainer,IAP
SportsTrainer,Celestial
SportsTrainer,AppSupport
SportsTrainer,SportsWorkout
SportsVoices,SportsVoices
SportsWorkout,SportsWorkout
SportsWorkout,MobileBluetooth
SportsWorkout,SpringBoardServices
SportsWorkout,AppSupport
SportsWorkout,GraphicsServices
SportsWorkout,Celestial
SportsWorkout,SportsVoices
SportsWorkout,MediaRemote
Spotlight,Spotlight
Spotlight,Search
SpringBoardFoundation,SpringBoardFoundation
SpringBoardFoundation,IOSurface
SpringBoardFoundation,MobileKeyBag
SpringBoardFoundation,IOMobileFramebuffer
SpringBoardFoundation,FrontBoardServices
SpringBoardFoundation,GraphicsServices
SpringBoardFoundation,AppSupport
SpringBoardFoundation,PrototypeTools
SpringBoardFoundation,BaseBoard
SpringBoardFoundation,ManagedConfiguration
SpringBoardFoundation,AggregateDictionary
SpringBoardFoundation,PersistentConnection
SpringBoardFoundation,IDS
SpringBoardFoundation,IDS
SpringBoardFoundation,MobileObliteration
SpringBoardServices,SpringBoardServices
SpringBoardServices,BaseBoard
SpringBoardServices,FrontBoardServices
SpringBoardServices,BackBoardServices
SpringBoardServices,GraphicsServices
SpringBoardUI,SpringBoardUI
SpringBoardUI,NotificationsUI
SpringBoardUI,BaseBoard
SpringBoardUI,SpringBoardFoundation
SpringBoardUI,SpringBoardUIServices
SpringBoardUI,BackBoardServices
SpringBoardUI,GraphicsServices
SpringBoardUI,AppSupport
SpringBoardUI,SpringBoardServices
SpringBoardUI,TelephonyUI
SpringBoardUI,Celestial
SpringBoardUI,BulletinBoard
SpringBoardUI,ToneLibrary
SpringBoardUI,ManagedConfiguration
SpringBoardUIServices,SpringBoardUIServices
SpringBoardUIServices,MobileKeyBag
SpringBoardUIServices,IOSurface
SpringBoardUIServices,ProgressUI
SpringBoardUIServices,IOMobileFramebuffer
SpringBoardUIServices,FrontBoardServices
SpringBoardUIServices,BaseBoard
SpringBoardUIServices,NotificationsUI
SpringBoardUIServices,TextInput
SpringBoardUIServices,SpringBoardServices
SpringBoardUIServices,SpringBoardFoundation
SpringBoardUIServices,TelephonyUI
SpringBoardUIServices,ManagedConfiguration
SpringBoardUIServices,BackBoardServices
SpringBoardUIServices,BiometricKit
Stocks,Stocks
Stocks,OAuth
Stocks,AggregateDictionary
Stocks,AppSupport
StoreBookkeeper,StoreBookkeeper
StoreBookkeeper,BackBoardServices
StoreBookkeeper,SpringBoardServices
StoreBookkeeper,iTunesStore
StoreBookkeeper,StoreServices
StoreBookkeeperClient,StoreBookkeeperClient
StoreBookkeeperClient,BackBoardServices
StoreBookkeeperClient,iTunesStore
StoreBookkeeperClient,MusicLibrary
StoreBookkeeperClient,SpringBoardServices
StoreBookkeeperClient,StoreBookkeeper
StoreBookkeeperClient,StoreServices
StoreKitUI,StoreKitUI
StoreKitUI,CoreRecognition
StoreKitUI,AppSupport
StoreKitUI,ITMLKit
StoreKitUI,iTunesStore
StoreKitUI,iTunesStoreUI
StoreKitUI,ManagedConfiguration
StoreKitUI,StoreServices
StoreKitUI,AccountsUI
StoreKitUI,AppleAccount
StoreKitUI,AppleAccountUI
StoreKitUI,AskPermission
StoreKitUI,FamilyCircle
StoreKitUI,MediaPlayerUI
StoreKitUI,MPUFoundation
StoreKitUI,SpringBoardServices
StoreKitUI,WebCore
StoreServices,StoreServices
StoreServices,SpringBoardServices
StoreServices,AppSupport
StoreServices,GraphicsServices
StoreServices,ManagedConfiguration
StoreServices,MobileInstallation
StoreServices,AppleAccount
StreamingZip,StreamingZip
Symbolication,Symbolication
Symbolication,CoreSymbolication
ManagedEvent,Symptoms
SymptomAnalytics,Symptoms
SymptomEvaluator,Symptoms
SymptomEvaluator,SpringBoardServices
SymptomEvaluator,MobileWiFi
SymptomEvaluator,PowerLog
SymptomEvaluator,MobileKeyBag
SymptomEvaluator,Symptoms
SymptomEvaluator,Symptoms
SymptomEvaluator,NetworkStatistics
SymptomPresentationFeed,Symptoms
SymptomPresentationFeed,SpringBoardServices
SymptomPresentationFeed,NetworkStatistics
SymptomPresentationFeed,Symptoms
SymptomReporter,Symptoms
SyncedDefaults,SyncedDefaults
TCC,TCC
TelephonyUI,TelephonyUI
TelephonyUI,SpringBoardFoundation
TelephonyUI,IMFoundation
TelephonyUI,GraphicsServices
TelephonyUI,TelephonyUtilities
TelephonyUI,AppSupport
TelephonyUtilities,TelephonyUtilities
TelephonyUtilities,AppSupport
TelephonyUtilities,CommonUtilities
TelephonyUtilities,CommunicationsFilter
TelephonyUtilities,IMFoundation
TelephonyXPCClient,TelephonyXPCClient
TelephonyXPCServer,TelephonyXPCServer
KBLayouts_iPhone,TextInput
TextInput,TextInput
TextInput,AppSupport
TextInput,GraphicsServices
TextInput,TextInput
TextToSpeech,TextToSpeech
TextToSpeech,Celestial
TextToSpeech,MobileAsset
TextToSpeech,AppSupport
TextToSpeech,PersistentConnection
TextToSpeech,VoiceServices
ThermalMonitorExporter,ThermalMonitorExporter
ToneKit,ToneKit
ToneKit,StoreServices
ToneKit,ToneLibrary
ToneKit,Celestial
ToneLibrary,ToneLibrary
ToneLibrary,AppSupport
ToneLibrary,Celestial
TouchRemote,TouchRemote
TouchRemote,MobileWiFi
TouchRemote,WirelessProximity
TouchRemote,MediaControlSender
TouchRemote,SpringBoardServices
TouchRemote,iTunesStore
TouchRemote,CoreUtils
TouchRemote,StoreServices
UIAccessibility,UIAccessibility
UIAccessibility,ScreenReaderCore
UIAccessibility,AccessibilityUtilities
UIAccessibility,AppSupport
UIAccessibility,AXRuntime
UIAccessibility,GraphicsServices
UIAccessibility,ScreenReaderCore
UIAccessibility,FaceCore
UIFoundation,UIFoundation
UIFoundation,GraphicsServices
UIFoundation,CoreUI
UIFoundation,WebKitLegacy
UIFoundation,AppSupport
UIFoundation,WebCore
Ubiquity,Ubiquity
Ubiquity,AppSupport
Ubiquity,PowerLog
Ubiquity,MobileKeyBag
Ubiquity,CrashReporterSupport
Ubiquity,GenerationalStorage
Ubiquity,ChunkingLibrary
msdosfs,UserFS
UserFS,UserFS
VPNUtilities,VPNUtilities
VUSocialUpload,VUSocialUpload
VUSocialUpload,SpringBoardServices
VUSocialUpload,AppSupport
VUSocialUpload,XPCObjects
VectorKit,VectorKit
VectorKit,AppSupport
VectorKit,IOSurface
VectorKit,GeoServices
VectorKit,ProtocolBuffer
VectorKit,Celestial
VideoProcessing,VideoProcessing
VideoProcessing,IOSurface
VideoUpload,VideoUpload
VideoUpload,OAuth
VideoUpload,PhotoLibrary
VideoUpload,GraphicsServices
VideoUpload,AppSupport
VisualAlert,VisualAlert
VisualAlert,AccessibilityUtilities
VisualAlert,GraphicsServices
VisualAlert,SpringBoardUI
VisualAlert,BulletinBoard
ACDS,VisualVoicemail
ACDS,MobileKeyBag
ACDS,VoicemailStore
ACDS,Message
ACDS,VisualVoicemail
ACDS,MIME
ACDS,TelephonyUtilities
ACDS,TelephonyUtilities
IMAP,VisualVoicemail
IMAP,VoicemailStore
IMAP,Message
IMAP,VisualVoicemail
IMAP,MIME
IMAP,Message
IMAP,AppSupport
IMAP,TelephonyUtilities
IMAP,TelephonyUtilities
VisualVoicemail,VisualVoicemail
VisualVoicemail,CommonUtilities
VisualVoicemail,VoicemailStore
VisualVoicemail,GraphicsServices
VisualVoicemail,PersistentConnection
VisualVoicemail,TelephonyUtilities
VisualVoicemail,AppSupport
VoiceMemos,VoiceMemos
VoiceMemos,MobileKeyBag
VoiceMemos,AppSupport
VoiceMemos,Celestial
VoiceMemos,GraphicsServices
VoiceMemos,IMAVCore
VoiceMemos,MediaServices
VoiceMemos,SpringBoardFoundation
VoiceMemos,SpringBoardServices
VoiceServices,VoiceServices
VoiceServices,MobileAsset
VoiceServices,AppSupport
VoiceServices,PersistentConnection
VoiceTrigger,VoiceTrigger
VoiceTrigger,SpringBoardServices
VoiceTrigger,ManagedConfiguration
VoiceTrigger,MobileAsset
VoiceTrigger,PowerLog
VoiceTrigger,AppSupport
VoiceTrigger,EmbeddedAcousticRecognition
VoiceTrigger,AggregateDictionary
VoiceTrigger,AssistantServices
VoicemailStore,VoicemailStore
VoicemailStore,CoreSDB
Weather,Weather
Weather,GeoServices
Weather,AggregateDictionary
Weather,OAuth
Weather,GraphicsServices
Weather,AppSupport
WebApp,WebApp
WebApp,PowerLog
WebApp,GraphicsServices
WebApp,ManagedConfiguration
WebApp,SpringBoardServices
WebApp,TelephonyUtilities
WebApp,WebCore
WebApp,WebKitLegacy
WebApp,WebUI
WebBookmarks,WebBookmarks
WebBookmarks,AppSupport
WebBookmarks,SpringBoardServices
WebBookmarks,WebCore
WebBookmarks,WebKitLegacy
WebBookmarks,CrashReporterSupport
WebBookmarks,WebContentAnalysis
WebBookmarks,TextInput
WebContentAnalysis,WebContentAnalysis
WebContentAnalysis,LatentSemanticMapping
WebContentAnalysis,WebContentAnalysis
WebCore,WebCore
WebCore,GraphicsServices
WebCore,IOSurface
WebCore,WebContentAnalysis
WebCore,UIFoundation
WebCore,CoreUI
WebCore,AppSupport
WebCore,DataDetectorsCore
WebCore,WebCore
WebKitLegacy,WebKitLegacy
WebKitLegacy,GraphicsServices
WebKitLegacy,MobileAsset
WebKitLegacy,WebCore
WebKitLegacy,VideoToolbox
WebKitLegacy,Celestial
WebKitLegacy,MediaRemote
WebUI,WebUI
WebUI,AppSupport
WebUI,CertUI
WebUI,ManagedConfiguration
WebUI,SpringBoardServices
WebUI,WebCore
WebUI,WebKitLegacy
WebUI,CoreRecognition
WebUI,AppSupport
WebUI,TextInput
WebUI,CoreDuet
WebUI,CommerceKit
WebUI,StoreServices
WiFiCloudSyncEngine,WiFiCloudSyncEngine
WirelessCoexManager,WirelessCoexManager
WirelessDiagnostics,WirelessDiagnostics
WirelessDiagnostics,CrashReporterSupport
WirelessDiagnostics,ProtocolBuffer
WirelessProximity,WirelessProximity
WirelessProximity,AppSupport
XPCKit,XPCKit
XPCObjects,XPCObjects
XPCObjects,AppSupport
XPCService,XPCService
YouTube,YouTube
YouTube,Celestial
YouTube,AppSupport
YouTube,AggregateDictionary
iAdCore,iAdCore
iAdCore,PowerLog
iAdCore,AITTarget
iAdDeveloper,iAdDeveloper
iAdDeveloper,iAdServices
iAdDeveloper,iAdCore
iAdServices,iAdServices
iAdServices,PowerLog
iAdServices,BackBoardServices
iAdServices,AppSupport
iAdServices,AITTarget
iCalendar,iCalendar
iCloudNotification,iCloudNotification
iCloudNotification,AppSupport
iOSDiagnostics,iOSDiagnostics
iOSDiagnosticsSupport,iOSDiagnosticsSupport
iOSDiagnosticsSupport,AppSupport
iOSDiagnosticsSupport,MobileWiFi
iOSDiagnosticsSupport,Bom
iOSDiagnosticsSupport,AggregateDictionary
iOSDiagnosticsSupport,SpringBoardServices
iOSDiagnosticsSupport,BackBoardServices
iOSDiagnosticsSupport,NearField
iOSDiagnosticsSupport,PowerLog
iPhotoMigrationSupport,iPhotoMigrationSupport
iPhotoMigrationSupport,PhotoLibraryServices
iTunesStore,iTunesStore
iTunesStore,MobileWiFi
iTunesStore,FrontBoardServices
iTunesStore,AppSupport
iTunesStore,ManagedConfiguration
iTunesStore,SpringBoardServices
iTunesStore,StoreServices
iTunesStoreUI,iTunesStoreUI
iTunesStoreUI,AppSupport
iTunesStoreUI,DataDetectorsCore
iTunesStoreUI,GraphicsServices
iTunesStoreUI,iTunesStore
iTunesStoreUI,ManagedConfiguration
iTunesStoreUI,MobileInstallation
iTunesStoreUI,SpringBoardServices
iTunesStoreUI,StoreServices
iTunesStoreUI,WebCore
kperf,kperf
kperfdata,kperfdata
oncrpc,oncrpc
ProceduralWallpapers,IOSurface
ProceduralWallpapers,SpringBoardFoundation
PublishToYouTube,YouTube
PublishToYouTube,PhotoLibrary
PublishToYouTube,AppSupport
AddressBook,GraphicsServices
AddressBook,IMAVCore
AddressBook,Search
Application,StoreServices
Application,HomeSharing
Application,SpringBoardServices
Application,GraphicsServices
Application,AppSupport
Application,Search
Extended,Search
Extended,ContentIndex
Extended,AppSupport
Extended,Spotlight
MobileCal,Search
MobileMail,Search
MobileMail,MailServices
MobileNotes,Search
MobileNotes,Notes
Reminders,Search
TopHits,Search
TopHits,ContentIndex
TopHits,AppSupport
VoiceMemos,Search
VoiceMemos,VoiceMemos
iPod,Search
iPod,GraphicsServices
iPod,AppSupport
iPod,MusicLibrary
iPod,ManagedConfiguration
SMSSearch,IMCore
SMSSearch,IMDPersistence
SMSSearch,Spotlight
SMSSearch,ChatKit
Assistant,TelephonyUtilities
Assistant,VisualVoicemail
Assistant,IMCore
Assistant,AITTarget
Assistant,BulletinBoard
Assistant,IMAVCore
Assistant,SpringBoardServices
Assistant,IAP
Assistant,MobileBluetooth
Assistant,Preferences
Assistant,AggregateDictionary
Assistant,Celestial
Assistant,MobileIcons
Assistant,BluetoothManager
Assistant,AppSupport
Assistant,SAObjects
Assistant,AssistantServices
Assistant,AssistantUI
Assistant,SpringBoardUI
Assistant,SpringBoardUIServices
ChatKit,NotificationsUI
ChatKit,ToneLibrary
ChatKit,Celestial
ChatKit,AppSupport
ChatKit,SpringBoardUI
ChatKit,ChatKit
ChatKit,IMCore
ChatKit,FTClientServices
ChatKit,IMDPersistence
ChatKit,Marco
IncomingCall,BackgroundTaskAgent
IncomingCall,IMAVCore
IncomingCall,SpringBoardUIServices
IncomingCall,SpringBoardServices
IncomingCall,VisualVoicemail
IncomingCall,PersistentConnection
IncomingCall,Celestial
IncomingCall,TelephonyUI
IncomingCall,ToneLibrary
IncomingCall,Conference
IncomingCall,SpringBoardUI
IncomingCall,SpringBoardFoundation
IncomingCall,TelephonyUtilities
IncomingCall,ChatKit
IncomingCall,BulletinBoard
IncomingCall,IMFoundation
IncomingCall,AppSupport
IncomingCall,FTServices
IncomingCall,IncomingCallFilter
IncomingCall,CommunicationsSetupUI
NikeLockScreen,SportsTrainer
NikeLockScreen,SpringBoardUI
NikeLockScreen,AppSupport
NikeLockScreen,SportsWorkout
NowPlayingArtLockScreen,MediaPlayerUI
NowPlayingArtLockScreen,SpringBoardUI
StoreServicesPlugin,SpringBoardUI
StoreServicesPlugin,SpringBoardServices
StoreServicesPlugin,StoreServices
VoiceMemosLockScreen,AppSupport
VoiceMemosLockScreen,MediaServices
VoiceMemosLockScreen,VoiceMemos
VoiceMemosLockScreen,GraphicsServices
VoiceMemosLockScreen,SpringBoardUI
TextInput_bn,TextInput
TextInput_bo,TextInput
TextInput_ca,TextInput
TextInput_chr,TextInput
TextInput_cs,TextInput
TextInput_de,TextInput
TextInput_el,TextInput
TextInput_emoji,TextInput
TextInput_fr,TextInput
TextInput_haw,TextInput
TextInput_he,TextInput
TextInput_hi,TextInput
TextInput_intl,CoreHandwriting
TextInput_intl,TextInput
TextInput_it,TextInput
TextInput_ja,GraphicsServices
TextInput_ja,TextInput
TextInput_ko,TextInput
TextInput_mr,TextInput
TextInput_pt,TextInput
TextInput_sk,TextInput
TextInput_ta,TextInput
TextInput_th,TextInput
TextInput_tr,TextInput
TextInput_ur,TextInput
TextInput_vi,TextInput
TextInput_zh,AppSupport
TextInput_zh,CoreHandwriting
TextInput_zh,GraphicsServices
TextInput_zh,TextInput
libTextInputCore,BackgroundTaskAgent
libTextInputCore,CrashReporterSupport
libTextInputCore,AppSupport
libTextInputCore,LanguageModeling
libTextInputCore,TextInput
libTextInputCore,ResponseKit
libTextInputCore,CloudDocs
libTextInputCore,MobileAsset
H264H4,AppleVXD390Framework
H264H4,IOSurface
JPEGH1,IOSurface
MP4VH4,AppleVXD390Framework
MP4VH4,IOSurface
H264H4,IOSurface
JPEGH1,IOSurface
GyroVideoStabilization,IOSurface
HDR,IOSurface
RawReprocess,Celestial
RawReprocess,IOSurface
VoiceDial,VoiceServices
VoiceDial,FTClientServices
VoiceDial,TelephonyUtilities
VoiceDial,AppSupport
VoiceDial,GraphicsServices
VoiceDial,IMFoundation
VoiceDial,IMCore
iPod,MediaServices
iPod,MusicLibrary
iPod,VoiceServices
AttributionWeeApp,SpringBoardServices
AttributionWeeApp,Weather
AttributionWeeApp,SpringBoardUIServices
AttributionWeeApp,SpringBoardUI
AttributionWeeApp,AppSupport
AttributionWeeApp,Stocks
libAWDProtobufAPSD,ProtocolBuffer
libAWDProtobufAirPlay,ProtocolBuffer
libAWDProtobufCallHistory,ProtocolBuffer
libAWDProtobufCaptive,ProtocolBuffer
libAWDProtobufEasyConfig,ProtocolBuffer
libAWDProtobufFacetimeiMessage,ProtocolBuffer
libAWDProtobufHomeKit,ProtocolBuffer
libAWDProtobufIDS,ProtocolBuffer
libAWDProtobufITester,ProtocolBuffer
libAWDProtobufLibnetcore,ProtocolBuffer
libAWDProtobufMMCS,ProtocolBuffer
libAWDProtobufNFC,ProtocolBuffer
libAWDProtobufPower,ProtocolBuffer
libAWDProtobufSiri,ProtocolBuffer
libAWDProtobufVPN,ProtocolBuffer
libAWDProtobufWRM,ProtocolBuffer
libAWDProtobufWifi,ProtocolBuffer
libAWDProtobufWirelessProximity,ProtocolBuffer
libAWDSupportFramework,ProtocolBuffer
libAXSpeechManager,TextToSpeech
libAXSpeechManager,VoiceServices
libAppPatch,StreamingZip
libAppPatch,MobileSystemServices
libAppPatch,Bom
libMobileCheckpoint,MobileSystemServices
libMobileGestalt,Sharing
libMobileGestaltExtensions,IOMobileFramebuffer
libMobileGestaltExtensions,ManagedConfiguration
libMobileGestaltExtensions,MobileKeyBag
libMobileGestaltExtensions,MobileWiFi
libMobileGestaltExtensions,StoreServices
libMobileGestaltExtensions,SoftwareBehaviorServices
libMobileGestaltExtensions,Sharing
libTelephonyUtilDynamic,CrashReporterSupport
libextension,AssertionServices
libextension,PlugInKit
libextension,ManagedConfiguration
libextension,MobileCoreServices
libextension,UIFoundation
liblockdown,MobileKeyBag
libmecabra,ProofReader
libmecabra,AggregateDictionary
libmecabra,LanguageModeling
libmecabra,ProofReader
libomadm,AppSupport
libsystem_c,CommerceKit
